Date,fips,covid_vaccine_rate
10/03/2021,05065,32.8
10/03/2021,23009,67.6
10/03/2021,27001,53.0
10/03/2021,27125,46.9
10/03/2021,51025,44.2
10/03/2021,48413,0.0
10/03/2021,20083,40.2
10/03/2021,47187,57.0
10/03/2021,24001,48.0
10/03/2021,02016,54.6
10/03/2021,22037,35.7
10/03/2021,42105,29.3
10/03/2021,37163,42.8
10/03/2021,56023,33.4
10/03/2021,17033,42.4
10/03/2021,27063,42.5
10/03/2021,01077,40.2
10/03/2021,40139,36.3
10/03/2021,19013,52.8
10/03/2021,51730,33.1
10/03/2021,26161,62.9
10/03/2021,31015,30.6
10/03/2021,46039,33.1
10/03/2021,24043,50.5
10/03/2021,31009,21.9
10/03/2021,01113,32.2
10/03/2021,01021,30.0
10/03/2021,40069,35.4
10/03/2021,13257,12.3
10/03/2021,17117,44.6
10/03/2021,18177,43.1
10/03/2021,21165,40.2
10/03/2021,54027,22.4
10/03/2021,31177,48.9
10/03/2021,18069,45.7
10/03/2021,48103,0.0
10/03/2021,12019,42.2
10/03/2021,18143,39.8
10/03/2021,12003,29.9
10/03/2021,17073,49.1
10/03/2021,51011,31.9
10/03/2021,16003,37.0
10/03/2021,UNK,0.0
10/03/2021,48099,0.0
10/03/2021,47155,42.4
10/03/2021,41043,49.2
10/03/2021,49039,32.2
10/03/2021,04013,48.2
10/03/2021,06115,42.0
10/03/2021,39101,41.5
10/03/2021,06073,50.0
10/03/2021,35041,27.2
10/03/2021,55027,45.4
10/03/2021,18005,52.8
10/03/2021,54043,16.4
10/03/2021,21023,43.0
10/03/2021,17077,40.8
10/03/2021,36083,62.0
10/03/2021,46083,40.1
10/03/2021,56045,30.6
10/03/2021,37117,82.8
10/03/2021,40045,31.0
10/03/2021,47065,48.9
10/03/2021,47001,47.8
10/03/2021,05009,32.2
10/03/2021,24027,73.6
10/03/2021,46097,45.4
10/03/2021,05099,34.5
10/03/2021,17203,46.3
10/03/2021,19181,52.2
10/03/2021,39033,39.6
10/03/2021,37025,46.2
10/03/2021,08029,41.6
10/03/2021,12023,36.7
10/03/2021,48141,0.0
10/03/2021,48165,0.0
10/03/2021,29101,34.2
10/03/2021,36007,56.4
10/03/2021,02185,32.5
10/03/2021,08007,50.7
10/03/2021,13127,43.4
10/03/2021,38019,53.7
10/03/2021,28057,30.8
10/03/2021,05055,37.5
10/03/2021,05131,42.3
10/03/2021,13249,16.9
10/03/2021,31035,37.2
10/03/2021,20085,56.0
10/03/2021,26009,51.9
10/03/2021,18145,50.9
10/03/2021,18063,64.1
10/03/2021,48213,0.0
10/03/2021,20013,52.3
10/03/2021,56033,43.3
10/03/2021,47089,43.2
10/03/2021,13313,20.8
10/03/2021,72073,69.9
10/03/2021,48037,0.0
10/03/2021,48481,0.0
10/03/2021,48199,0.0
10/03/2021,01099,37.3
10/03/2021,13271,17.0
10/03/2021,06061,57.7
10/03/2021,47073,38.1
10/03/2021,27103,54.4
10/03/2021,56035,27.4
10/03/2021,34031,59.1
10/03/2021,47123,37.2
10/03/2021,51115,54.1
10/03/2021,48469,0.0
10/03/2021,49017,47.3
10/03/2021,05007,44.1
10/03/2021,28035,35.4
10/03/2021,37187,39.3
10/03/2021,39017,48.7
10/03/2021,54093,30.2
10/03/2021,18045,41.4
10/03/2021,54009,21.4
10/03/2021,16037,38.9
10/03/2021,02105,64.6
10/03/2021,18027,29.2
10/03/2021,12109,61.6
10/03/2021,21169,33.8
10/03/2021,36093,63.2
10/03/2021,13269,26.7
10/03/2021,17015,52.8
10/03/2021,31055,56.6
10/03/2021,29075,38.6
10/03/2021,20127,49.2
10/03/2021,37079,35.4
10/03/2021,45063,46.8
10/03/2021,08069,59.6
10/03/2021,31075,17.3
10/03/2021,36099,47.9
10/03/2021,13227,13.5
10/03/2021,19163,52.1
10/03/2021,45023,38.4
10/03/2021,55137,39.2
10/03/2021,26081,52.7
10/03/2021,16087,33.6
10/03/2021,13319,20.3
10/03/2021,46105,23.6
10/03/2021,13057,28.7
10/03/2021,54039,31.1
10/03/2021,13199,22.3
10/03/2021,13291,12.3
10/03/2021,40009,36.0
10/03/2021,53065,33.5
10/03/2021,42047,51.3
10/03/2021,13189,17.3
10/03/2021,21099,30.7
10/03/2021,35021,36.6
10/03/2021,21145,49.1
10/03/2021,06043,0.0
10/03/2021,46033,37.9
10/03/2021,24019,52.5
10/03/2021,51760,40.3
10/03/2021,17137,44.3
10/03/2021,12053,47.6
10/03/2021,21193,53.5
10/03/2021,13299,22.2
10/03/2021,29223,31.9
10/03/2021,13261,36.2
10/03/2021,29055,29.0
10/03/2021,56001,46.6
10/03/2021,26085,51.5
10/03/2021,42019,56.3
10/03/2021,27027,33.1
10/03/2021,48369,0.0
10/03/2021,31021,51.2
10/03/2021,48253,0.0
10/03/2021,25021,68.2
10/03/2021,13137,17.5
10/03/2021,04003,53.0
10/03/2021,23019,61.9
10/03/2021,37043,34.0
10/03/2021,13069,26.6
10/03/2021,22081,31.1
10/03/2021,42071,55.7
10/03/2021,40109,54.4
10/03/2021,48267,0.0
10/03/2021,19071,45.6
10/03/2021,19101,42.9
10/03/2021,05121,34.2
10/03/2021,45041,46.8
10/03/2021,05057,28.3
10/03/2021,05093,34.4
10/03/2021,26067,39.9
10/03/2021,54107,39.2
10/03/2021,47181,35.3
10/03/2021,20103,52.0
10/03/2021,17111,52.4
10/03/2021,25005,56.0
10/03/2021,40153,32.9
10/03/2021,13121,28.3
10/03/2021,56031,35.0
10/03/2021,29139,43.6
10/03/2021,48081,0.0
10/03/2021,72037,63.2
10/03/2021,21115,42.4
10/03/2021,72061,78.8
10/03/2021,28017,42.1
10/03/2021,48231,0.0
10/03/2021,17075,41.7
10/03/2021,19063,45.0
10/03/2021,36009,48.1
10/03/2021,23021,55.1
10/03/2021,36071,56.5
10/03/2021,02100,62.7
10/03/2021,15001,0.0
10/03/2021,34023,62.5
10/03/2021,20023,39.7
10/03/2021,41065,57.5
10/03/2021,20167,37.7
10/03/2021,40059,38.8
10/03/2021,53025,47.0
10/03/2021,48445,0.0
10/03/2021,45019,55.9
10/03/2021,08041,53.0
10/03/2021,06015,35.8
10/03/2021,37045,40.0
10/03/2021,19045,48.1
10/03/2021,21195,45.9
10/03/2021,27041,50.0
10/03/2021,49041,33.7
10/03/2021,38093,45.7
10/03/2021,17121,36.6
10/03/2021,48043,0.0
10/03/2021,54029,22.7
10/03/2021,08107,67.2
10/03/2021,18061,45.6
10/03/2021,01069,36.6
10/03/2021,41033,44.9
10/03/2021,51047,42.8
10/03/2021,20081,32.3
10/03/2021,40137,40.9
10/03/2021,35009,32.4
10/03/2021,46091,43.6
10/03/2021,04027,56.6
10/03/2021,12065,53.1
10/03/2021,47027,25.0
10/03/2021,31025,51.7
10/03/2021,19089,46.4
10/03/2021,16015,27.4
10/03/2021,21101,43.8
10/03/2021,21143,52.6
10/03/2021,05039,50.2
10/03/2021,53073,63.0
10/03/2021,40119,41.8
10/03/2021,40037,37.2
10/03/2021,22019,36.0
10/03/2021,12045,44.5
10/03/2021,72003,63.6
10/03/2021,18083,44.9
10/03/2021,72041,66.7
10/03/2021,51700,46.2
10/03/2021,06019,49.8
10/03/2021,20033,41.5
10/03/2021,01043,33.6
10/03/2021,26137,49.3
10/03/2021,27163,58.7
10/03/2021,50007,63.1
10/03/2021,48051,0.0
10/03/2021,48395,0.0
10/03/2021,55057,46.2
10/03/2021,48447,0.0
10/03/2021,54041,29.5
10/03/2021,34041,58.8
10/03/2021,51690,39.0
10/03/2021,01131,45.0
10/03/2021,32031,56.2
10/03/2021,47041,34.5
10/03/2021,31053,46.1
10/03/2021,28061,42.0
10/03/2021,48205,0.0
10/03/2021,31069,40.3
10/03/2021,40057,42.0
10/03/2021,13143,13.5
10/03/2021,30043,43.3
10/03/2021,42109,40.8
10/03/2021,01015,39.5
10/03/2021,17087,32.9
10/03/2021,47079,40.8
10/03/2021,21229,47.5
10/03/2021,39159,53.5
10/03/2021,13175,22.8
10/03/2021,06079,51.9
10/03/2021,01067,38.4
10/03/2021,19139,52.8
10/03/2021,19193,48.5
10/03/2021,56015,33.4
10/03/2021,56039,79.1
10/03/2021,27161,49.8
10/03/2021,54011,21.7
10/03/2021,39135,37.4
10/03/2021,41027,73.5
10/03/2021,48425,0.0
10/03/2021,48337,0.0
10/03/2021,37083,44.4
10/03/2021,29031,42.1
10/03/2021,48157,0.0
10/03/2021,51031,37.5
10/03/2021,56011,24.3
10/03/2021,27039,50.7
10/03/2021,37055,65.0
10/03/2021,04007,51.0
10/03/2021,39045,49.4
10/03/2021,05021,40.3
10/03/2021,37049,49.8
10/03/2021,21209,56.9
10/03/2021,01083,31.6
10/03/2021,02195,65.5
10/03/2021,19197,51.1
10/03/2021,27097,40.9
10/03/2021,29149,27.2
10/03/2021,05067,33.2
10/03/2021,17069,35.3
10/03/2021,21167,51.2
10/03/2021,27173,49.1
10/03/2021,46003,41.6
10/03/2021,48401,0.0
10/03/2021,42133,53.1
10/03/2021,26165,42.8
10/03/2021,26159,48.2
10/03/2021,42033,45.1
10/03/2021,12051,40.4
10/03/2021,38037,18.3
10/03/2021,37161,34.4
10/03/2021,13255,14.5
10/03/2021,48177,0.0
10/03/2021,42085,49.7
10/03/2021,55051,51.7
10/03/2021,29155,24.1
10/03/2021,05013,31.5
10/03/2021,21125,36.2
10/03/2021,13263,27.0
10/03/2021,15009,0.0
10/03/2021,08015,56.8
10/03/2021,51103,56.5
10/03/2021,31183,26.8
10/03/2021,28131,38.2
10/03/2021,13079,16.8
10/03/2021,02158,56.9
10/03/2021,46073,38.5
10/03/2021,51053,43.1
10/03/2021,37051,53.9
10/03/2021,18079,35.7
10/03/2021,31097,48.2
10/03/2021,47053,38.0
10/03/2021,40131,39.9
10/03/2021,22113,32.7
10/03/2021,06049,0.0
10/03/2021,27155,53.5
10/03/2021,29049,41.1
10/03/2021,30073,46.3
10/03/2021,36053,54.4
10/03/2021,37013,46.9
10/03/2021,26013,51.3
10/03/2021,01115,33.6
10/03/2021,09009,67.6
10/03/2021,35013,53.6
10/03/2021,54069,12.4
10/03/2021,48187,0.0
10/03/2021,48089,0.0
10/03/2021,13023,10.3
10/03/2021,39049,55.3
10/03/2021,40079,33.9
10/03/2021,13195,21.0
10/03/2021,17059,44.6
10/03/2021,39039,43.4
10/03/2021,22121,46.8
10/03/2021,31041,33.4
10/03/2021,45057,36.9
10/03/2021,13075,34.0
10/03/2021,22093,44.0
10/03/2021,20041,46.2
10/03/2021,17141,46.3
10/03/2021,20107,31.2
10/03/2021,29019,54.1
10/03/2021,38105,24.8
10/03/2021,37185,33.0
10/03/2021,17007,47.4
10/03/2021,33019,55.9
10/03/2021,21085,43.5
10/03/2021,20011,32.5
10/03/2021,21077,38.1
10/03/2021,48357,0.0
10/03/2021,25007,3.6
10/03/2021,28029,46.1
10/03/2021,21141,45.8
10/03/2021,12041,31.8
10/03/2021,20097,44.3
10/03/2021,06099,46.6
10/03/2021,37165,39.3
10/03/2021,72085,62.4
10/03/2021,51069,43.4
10/03/2021,46117,51.6
10/03/2021,22049,36.2
10/03/2021,22069,36.5
10/03/2021,29027,41.5
10/03/2021,19033,56.1
10/03/2021,39001,29.5
10/03/2021,47159,27.8
10/03/2021,22067,38.6
10/03/2021,28059,38.3
10/03/2021,31065,38.2
10/03/2021,72127,64.5
10/03/2021,39133,50.2
10/03/2021,54097,8.3
10/03/2021,19121,47.8
10/03/2021,09011,69.6
10/03/2021,35047,44.8
10/03/2021,08043,37.2
10/03/2021,54109,35.6
10/03/2021,40005,30.3
10/03/2021,16027,34.7
10/03/2021,55091,44.4
10/03/2021,06091,0.0
10/03/2021,35055,61.0
10/03/2021,06103,34.1
10/03/2021,19075,55.1
10/03/2021,12063,36.2
10/03/2021,46095,29.3
10/03/2021,55065,53.4
10/03/2021,48241,0.0
10/03/2021,36073,47.9
10/03/2021,51685,41.5
10/03/2021,08089,41.1
10/03/2021,72019,63.0
10/03/2021,20065,66.0
10/03/2021,54023,13.4
10/03/2021,27017,54.9
10/03/2021,32027,31.6
10/03/2021,21153,43.3
10/03/2021,25001,5.0
10/03/2021,17029,37.7
10/03/2021,39009,44.9
10/03/2021,22091,26.8
10/03/2021,42125,56.6
10/03/2021,47189,44.9
10/03/2021,21065,44.0
10/03/2021,48301,0.0
10/03/2021,16031,29.0
10/03/2021,12079,37.4
10/03/2021,28147,34.6
10/03/2021,01061,32.9
10/03/2021,46063,15.1
10/03/2021,13293,34.4
10/03/2021,51139,34.9
10/03/2021,05095,47.8
10/03/2021,16041,34.1
10/03/2021,08045,54.8
10/03/2021,35053,53.2
10/03/2021,32001,40.9
10/03/2021,17027,45.8
10/03/2021,02230,66.3
10/03/2021,48411,0.0
10/03/2021,50025,58.6
10/03/2021,32009,35.4
10/03/2021,46123,30.7
10/03/2021,01071,41.2
10/03/2021,05037,44.6
10/03/2021,39037,34.1
10/03/2021,36013,50.9
10/03/2021,19057,44.9
10/03/2021,41049,46.3
10/03/2021,24039,43.5
10/03/2021,49045,46.0
10/03/2021,53003,35.9
10/03/2021,28139,36.3
10/03/2021,13123,12.4
10/03/2021,19149,46.4
10/03/2021,48149,0.0
10/03/2021,05137,32.7
10/03/2021,40075,45.3
10/03/2021,38003,50.7
10/03/2021,46107,45.7
10/03/2021,48377,0.0
10/03/2021,40091,48.3
10/03/2021,72077,63.4
10/03/2021,51107,62.1
10/03/2021,45085,41.4
10/03/2021,51193,43.0
10/03/2021,48293,0.0
10/03/2021,41061,42.4
10/03/2021,29033,44.0
10/03/2021,08061,33.1
10/03/2021,30105,38.8
10/03/2021,22105,39.7
10/03/2021,46047,44.1
10/03/2021,48247,0.0
10/03/2021,01027,36.2
10/03/2021,05125,42.8
10/03/2021,17065,32.6
10/03/2021,56037,36.5
10/03/2021,20095,41.8
10/03/2021,20163,42.8
10/03/2021,48479,0.0
10/03/2021,37167,22.7
10/03/2021,50017,45.5
10/03/2021,17139,35.9
10/03/2021,05063,34.7
10/03/2021,45047,42.5
10/03/2021,29131,29.3
10/03/2021,31047,39.5
10/03/2021,17081,35.1
10/03/2021,72115,70.8
10/03/2021,51133,51.4
10/03/2021,51097,45.1
10/03/2021,29091,28.4
10/03/2021,17189,47.4
10/03/2021,48093,0.0
10/03/2021,17025,32.2
10/03/2021,48237,0.0
10/03/2021,38011,33.5
10/03/2021,17193,40.6
10/03/2021,29217,30.8
10/03/2021,13147,25.6
10/03/2021,40065,43.6
10/03/2021,37149,39.2
10/03/2021,47175,48.8
10/03/2021,19055,47.9
10/03/2021,37039,45.6
10/03/2021,27165,49.2
10/03/2021,37053,44.4
10/03/2021,17085,66.9
10/03/2021,54081,21.3
10/03/2021,23023,68.5
10/03/2021,06045,58.3
10/03/2021,25003,49.6
10/03/2021,72033,62.2
10/03/2021,29181,25.1
10/03/2021,51029,37.2
10/03/2021,17145,36.0
10/03/2021,21191,40.7
10/03/2021,06007,45.7
10/03/2021,40085,34.9
10/03/2021,21033,44.6
10/03/2021,13105,18.0
10/03/2021,13305,28.6
10/03/2021,19003,48.1
10/03/2021,56013,50.6
10/03/2021,05077,28.7
10/03/2021,01097,41.6
10/03/2021,36085,59.7
10/03/2021,38047,29.9
10/03/2021,41017,60.8
10/03/2021,42057,29.4
10/03/2021,22101,38.8
10/03/2021,37009,44.4
10/03/2021,19113,58.5
10/03/2021,27119,34.9
10/03/2021,37011,46.2
10/03/2021,31037,39.2
10/03/2021,13157,23.2
10/03/2021,13309,9.6
10/03/2021,01129,40.7
10/03/2021,48033,0.0
10/03/2021,06031,36.4
10/03/2021,18007,37.9
10/03/2021,38059,36.9
10/03/2021,41063,52.4
10/03/2021,48461,0.0
10/03/2021,21089,43.3
10/03/2021,08055,47.7
10/03/2021,22117,36.0
10/03/2021,18043,51.4
10/03/2021,48433,0.0
10/03/2021,12093,40.4
10/03/2021,17175,45.5
10/03/2021,40003,40.4
10/03/2021,22043,36.8
10/03/2021,36019,64.2
10/03/2021,27005,47.0
10/03/2021,22079,42.3
10/03/2021,51021,34.6
10/03/2021,27051,48.5
10/03/2021,29147,43.3
10/03/2021,47121,58.7
10/03/2021,55093,39.0
10/03/2021,20153,37.5
10/03/2021,17173,34.4
10/03/2021,42053,67.6
10/03/2021,39145,42.4
10/03/2021,48005,0.0
10/03/2021,46089,10.4
10/03/2021,53011,55.5
10/03/2021,08087,39.4
10/03/2021,20089,40.9
10/03/2021,13243,16.1
10/03/2021,27157,62.7
10/03/2021,48451,0.0
10/03/2021,24035,58.9
10/03/2021,38091,41.2
10/03/2021,53047,59.8
10/03/2021,26143,48.8
10/03/2021,49053,42.2
10/03/2021,29025,34.1
10/03/2021,20201,46.2
10/03/2021,26073,38.0
10/03/2021,20119,34.0
10/03/2021,18047,32.4
10/03/2021,21093,55.2
10/03/2021,30039,32.8
10/03/2021,13307,17.9
10/03/2021,29061,28.1
10/03/2021,38071,50.1
10/03/2021,51117,39.9
10/03/2021,26095,39.4
10/03/2021,46013,47.7
10/03/2021,72057,62.1
10/03/2021,08101,47.8
10/03/2021,12133,27.7
10/03/2021,27085,48.4
10/03/2021,53005,47.0
10/03/2021,41031,53.7
10/03/2021,13237,12.1
10/03/2021,48047,0.0
10/03/2021,48039,0.0
10/03/2021,27079,41.5
10/03/2021,21149,44.8
10/03/2021,21137,37.0
10/03/2021,31119,39.6
10/03/2021,72123,66.5
10/03/2021,13029,31.7
10/03/2021,53039,43.0
10/03/2021,55095,45.0
10/03/2021,19129,48.4
10/03/2021,08001,57.3
10/03/2021,13077,25.8
10/03/2021,29069,31.3
10/03/2021,31113,17.8
10/03/2021,45069,36.9
10/03/2021,45001,34.9
10/03/2021,18155,27.7
10/03/2021,46061,31.4
10/03/2021,47111,26.4
10/03/2021,06053,58.4
10/03/2021,48331,0.0
10/03/2021,21159,45.4
10/03/2021,48017,0.0
10/03/2021,47173,29.7
10/03/2021,37007,26.2
10/03/2021,17079,31.3
10/03/2021,39043,52.7
10/03/2021,47003,34.4
10/03/2021,13033,38.8
10/03/2021,18015,30.5
10/03/2021,26119,46.8
10/03/2021,48129,0.0
10/03/2021,30029,36.2
10/03/2021,31087,29.6
10/03/2021,08065,52.3
10/03/2021,48011,0.0
10/03/2021,01023,55.7
10/03/2021,13141,12.2
10/03/2021,49043,73.5
10/03/2021,21039,35.7
10/03/2021,29151,35.6
10/03/2021,26027,37.2
10/03/2021,13073,25.1
10/03/2021,37089,49.6
10/03/2021,37099,45.6
10/03/2021,20205,37.9
10/03/2021,47059,40.5
10/03/2021,31135,34.4
10/03/2021,72111,68.2
10/03/2021,31073,34.2
10/03/2021,08115,45.2
10/03/2021,27019,56.1
10/03/2021,48497,0.0
10/03/2021,28003,33.1
10/03/2021,17067,40.0
10/03/2021,54049,8.9
10/03/2021,19083,49.7
10/03/2021,48279,0.0
10/03/2021,41015,48.9
10/03/2021,45073,40.0
10/03/2021,47071,35.0
10/03/2021,26037,49.4
10/03/2021,08027,42.4
10/03/2021,12077,31.1
10/03/2021,30065,30.3
10/03/2021,40147,36.6
10/03/2021,54053,32.4
10/03/2021,29127,37.6
10/03/2021,39119,42.3
10/03/2021,27121,49.7
10/03/2021,31111,26.6
10/03/2021,56003,30.9
10/03/2021,42131,54.7
10/03/2021,48423,0.0
10/03/2021,46035,41.3
10/03/2021,27149,49.3
10/03/2021,31003,33.4
10/03/2021,37091,28.8
10/03/2021,28015,35.8
10/03/2021,47147,43.8
10/03/2021,20137,46.7
10/03/2021,01017,26.8
10/03/2021,47061,24.2
10/03/2021,37123,35.6
10/03/2021,42025,55.9
10/03/2021,30109,23.9
10/03/2021,48211,0.0
10/03/2021,38041,33.9
10/03/2021,19077,52.8
10/03/2021,30041,50.7
10/03/2021,01125,37.5
10/03/2021,39073,40.9
10/03/2021,40055,31.9
10/03/2021,31163,35.7
10/03/2021,30051,30.2
10/03/2021,22055,43.6
10/03/2021,54005,30.3
10/03/2021,13297,21.6
10/03/2021,47081,35.1
10/03/2021,51680,30.2
10/03/2021,31061,34.2
10/03/2021,17037,44.0
10/03/2021,29011,30.1
10/03/2021,30075,19.0
10/03/2021,72027,67.9
10/03/2021,22099,35.0
10/03/2021,13159,15.1
10/03/2021,39141,44.0
10/03/2021,31109,58.8
10/03/2021,28101,45.0
10/03/2021,49047,33.0
10/03/2021,21025,43.3
10/03/2021,22027,35.9
10/03/2021,47077,35.9
10/03/2021,48459,0.0
10/03/2021,48067,0.0
10/03/2021,04019,57.9
10/03/2021,08035,63.1
10/03/2021,28091,38.5
10/03/2021,48291,0.0
10/03/2021,17041,39.6
10/03/2021,40067,35.7
10/03/2021,51067,39.3
10/03/2021,21035,42.1
10/03/2021,06097,67.2
10/03/2021,55111,55.9
10/03/2021,13215,30.9
10/03/2021,35033,45.0
10/03/2021,05017,48.0
10/03/2021,47099,30.9
10/03/2021,21127,38.7
10/03/2021,30101,38.6
10/03/2021,28125,47.7
10/03/2021,72097,69.2
10/03/2021,38057,33.5
10/03/2021,31121,37.9
10/03/2021,72067,70.9
10/03/2021,47169,31.2
10/03/2021,19169,55.9
10/03/2021,19147,45.4
10/03/2021,39157,38.7
10/03/2021,37109,40.9
10/03/2021,51187,35.1
10/03/2021,56025,36.8
10/03/2021,45051,49.2
10/03/2021,40101,43.0
10/03/2021,04001,71.1
10/03/2021,16063,32.0
10/03/2021,42049,53.0
10/03/2021,46137,24.3
10/03/2021,18041,34.4
10/03/2021,30035,70.1
10/03/2021,35005,34.4
10/03/2021,13049,11.3
10/03/2021,37075,41.8
10/03/2021,29063,25.0
10/03/2021,53013,41.0
10/03/2021,22015,39.6
10/03/2021,26163,46.0
10/03/2021,54083,28.2
10/03/2021,18181,49.1
10/03/2021,72135,60.0
10/03/2021,51045,31.6
10/03/2021,46021,28.5
10/03/2021,48403,0.0
10/03/2021,40071,36.2
10/03/2021,28163,42.1
10/03/2021,21075,49.0
10/03/2021,45015,39.9
10/03/2021,54095,18.4
10/03/2021,26113,41.2
10/03/2021,13055,12.7
10/03/2021,27129,46.8
10/03/2021,29123,33.2
10/03/2021,05015,38.4
10/03/2021,51670,29.4
10/03/2021,18179,37.8
10/03/2021,55007,73.4
10/03/2021,30067,51.0
10/03/2021,12115,62.5
10/03/2021,38051,37.4
10/03/2021,31131,48.8
10/03/2021,28155,42.3
10/03/2021,28045,34.2
10/03/2021,05045,42.5
10/03/2021,37033,43.8
10/03/2021,08091,57.1
10/03/2021,05035,36.2
10/03/2021,12103,57.3
10/03/2021,72053,66.6
10/03/2021,46081,40.6
10/03/2021,40053,36.9
10/03/2021,21211,45.7
10/03/2021,51179,47.7
10/03/2021,72125,67.2
10/03/2021,39151,47.5
10/03/2021,06051,0.0
10/03/2021,39171,39.7
10/03/2021,54035,17.6
10/03/2021,48473,0.0
10/03/2021,27093,40.7
10/03/2021,16011,36.6
10/03/2021,72017,63.0
10/03/2021,48215,0.0
10/03/2021,27109,65.2
10/03/2021,19109,47.2
10/03/2021,51105,43.5
10/03/2021,05091,12.5
10/03/2021,41037,35.3
10/03/2021,72087,46.8
10/03/2021,51540,47.4
10/03/2021,55117,53.9
10/03/2021,08063,33.4
10/03/2021,18169,37.7
10/03/2021,21015,63.2
10/03/2021,20199,33.3
10/03/2021,41057,58.4
10/03/2021,21013,40.8
10/03/2021,27023,44.5
10/03/2021,39097,44.5
10/03/2021,46015,37.5
10/03/2021,31133,38.9
10/03/2021,47139,36.3
10/03/2021,22041,32.2
10/03/2021,31023,45.0
10/03/2021,28027,42.7
10/03/2021,38079,52.7
10/03/2021,26031,45.8
10/03/2021,17099,45.6
10/03/2021,54037,31.3
10/03/2021,41007,58.4
10/03/2021,51015,45.1
10/03/2021,51181,48.5
10/03/2021,13235,13.5
10/03/2021,46119,31.5
10/03/2021,16077,40.6
10/03/2021,13131,17.9
10/03/2021,55099,55.0
10/03/2021,40097,36.8
10/03/2021,12007,36.8
10/03/2021,29197,25.0
10/03/2021,36001,65.7
10/03/2021,38043,28.5
10/03/2021,24009,59.5
10/03/2021,39115,36.4
10/03/2021,39165,55.6
10/03/2021,72137,66.8
10/03/2021,02290,60.5
10/03/2021,02198,47.6
10/03/2021,24031,75.8
10/03/2021,29137,39.4
10/03/2021,35061,46.5
10/03/2021,36115,58.0
10/03/2021,48471,0.0
10/03/2021,21225,35.3
10/03/2021,28129,29.0
10/03/2021,05019,43.3
10/03/2021,25023,60.0
10/03/2021,35011,36.2
10/03/2021,21113,50.3
10/03/2021,33015,58.7
10/03/2021,47179,51.4
10/03/2021,47013,36.8
10/03/2021,19001,43.9
10/03/2021,72054,73.7
10/03/2021,51790,46.1
10/03/2021,13107,27.2
10/03/2021,20149,34.2
10/03/2021,35029,54.6
10/03/2021,16043,35.3
10/03/2021,19023,52.1
10/03/2021,44005,69.5
10/03/2021,48321,0.0
10/03/2021,47097,31.5
10/03/2021,17181,45.6
10/03/2021,48169,0.0
10/03/2021,46069,39.1
10/03/2021,48123,0.0
10/03/2021,35031,99.4
10/03/2021,48229,0.0
10/03/2021,06081,71.7
10/03/2021,46129,31.2
10/03/2021,48263,0.0
10/03/2021,13169,22.2
10/03/2021,37129,53.3
10/03/2021,54067,29.8
10/03/2021,47051,34.4
10/03/2021,48007,0.0
10/03/2021,20125,39.2
10/03/2021,01047,36.1
10/03/2021,13231,13.4
10/03/2021,48095,0.0
10/03/2021,51165,40.3
10/03/2021,37095,56.6
10/03/2021,21055,34.9
10/03/2021,40105,35.1
10/03/2021,29221,27.2
10/03/2021,05103,47.0
10/03/2021,08077,42.8
10/03/2021,13193,17.3
10/03/2021,17149,34.6
10/03/2021,46115,36.0
10/03/2021,25011,59.2
10/03/2021,40025,25.2
10/03/2021,18001,30.1
10/03/2021,22021,33.2
10/03/2021,24045,48.7
10/03/2021,26093,52.8
10/03/2021,09007,74.6
10/03/2021,21231,35.1
10/03/2021,55079,54.3
10/03/2021,37171,42.9
10/03/2021,19085,46.1
10/03/2021,29153,27.2
10/03/2021,30027,40.7
10/03/2021,47069,38.9
10/03/2021,13267,13.0
10/03/2021,16049,25.4
10/03/2021,01121,31.6
10/03/2021,20179,31.7
10/03/2021,42069,64.8
10/03/2021,47101,31.0
10/03/2021,48265,0.0
10/03/2021,51191,50.8
10/03/2021,17005,44.4
10/03/2021,18097,48.9
10/03/2021,39093,55.1
10/03/2021,18099,39.9
10/03/2021,46103,40.2
10/03/2021,51740,78.9
10/03/2021,40103,53.8
10/03/2021,19103,64.0
10/03/2021,28115,36.4
10/03/2021,30007,28.3
10/03/2021,48465,0.0
10/03/2021,40047,42.0
10/03/2021,48441,0.0
10/03/2021,39085,57.6
10/03/2021,20043,42.0
10/03/2021,05105,46.3
10/03/2021,26105,53.3
10/03/2021,20003,37.4
10/03/2021,17107,41.8
10/03/2021,31179,36.4
10/03/2021,55083,46.9
10/03/2021,48127,0.0
10/03/2021,40023,28.1
10/03/2021,72081,80.5
10/03/2021,72065,60.2
10/03/2021,28087,43.4
10/03/2021,22083,37.6
10/03/2021,02013,68.3
10/03/2021,13167,13.7
10/03/2021,45025,31.1
10/03/2021,51683,46.4
10/03/2021,55121,57.2
10/03/2021,26145,46.0
10/03/2021,53033,69.2
10/03/2021,55141,53.7
10/03/2021,19161,47.0
10/03/2021,20053,49.0
10/03/2021,51093,44.7
10/03/2021,40121,38.1
10/03/2021,22017,41.0
10/03/2021,48299,0.0
10/03/2021,22057,38.6
10/03/2021,45049,54.6
10/03/2021,01091,47.2
10/03/2021,16001,50.5
10/03/2021,19041,46.6
10/03/2021,42023,51.9
10/03/2021,17179,50.0
10/03/2021,20025,41.7
10/03/2021,48393,0.0
10/03/2021,31153,54.5
10/03/2021,19029,52.4
10/03/2021,13111,19.6
10/03/2021,17109,39.6
10/03/2021,48457,0.0
10/03/2021,48439,0.0
10/03/2021,31039,46.1
10/03/2021,26123,37.3
10/03/2021,05101,28.9
10/03/2021,29107,40.1
10/03/2021,53031,70.2
10/03/2021,51161,47.2
10/03/2021,49023,29.4
10/03/2021,31029,27.6
10/03/2021,17127,31.1
10/03/2021,28005,33.7
10/03/2021,31049,29.1
10/03/2021,01013,33.8
10/03/2021,21087,37.5
10/03/2021,15003,0.0
10/03/2021,38045,43.5
10/03/2021,20121,41.7
10/03/2021,21117,61.4
10/03/2021,41011,50.6
10/03/2021,17019,53.3
10/03/2021,32033,45.7
10/03/2021,36097,55.9
10/03/2021,47163,48.9
10/03/2021,21157,47.8
10/03/2021,56021,45.6
10/03/2021,28089,56.1
10/03/2021,48505,0.0
10/03/2021,53045,51.5
10/03/2021,26041,54.8
10/03/2021,54091,4.3
10/03/2021,51710,45.5
10/03/2021,31157,34.8
10/03/2021,17115,42.4
10/03/2021,48059,0.0
10/03/2021,48113,0.0
10/03/2021,17163,49.1
10/03/2021,35015,34.2
10/03/2021,06027,0.0
10/03/2021,48121,0.0
10/03/2021,51035,30.7
10/03/2021,18077,50.4
10/03/2021,16045,32.6
10/03/2021,72141,63.8
10/03/2021,46079,37.4
10/03/2021,29205,42.5
10/03/2021,12011,61.0
10/03/2021,19119,36.3
10/03/2021,28079,40.2
10/03/2021,26047,64.6
10/03/2021,50009,34.0
10/03/2021,05141,38.1
10/03/2021,29035,28.9
10/03/2021,31063,23.5
10/03/2021,48137,0.0
10/03/2021,42091,60.2
10/03/2021,29047,45.9
10/03/2021,20169,42.9
10/03/2021,39023,45.5
10/03/2021,01123,33.8
10/03/2021,12119,73.8
10/03/2021,13003,16.0
10/03/2021,20185,39.2
10/03/2021,27131,55.4
10/03/2021,47055,32.9
10/03/2021,72023,63.6
10/03/2021,48389,0.0
10/03/2021,30011,26.6
10/03/2021,19141,45.3
10/03/2021,47031,38.5
10/03/2021,08003,48.2
10/03/2021,17169,49.2
10/03/2021,21131,44.8
10/03/2021,47007,29.3
10/03/2021,31169,41.4
10/03/2021,26017,50.1
10/03/2021,27117,47.1
10/03/2021,36043,51.6
10/03/2021,72119,60.4
10/03/2021,48341,0.0
10/03/2021,30083,32.3
10/03/2021,34021,59.7
10/03/2021,05003,43.5
10/03/2021,48049,0.0
10/03/2021,29195,41.5
10/03/2021,31067,37.2
10/03/2021,12101,50.6
10/03/2021,40015,55.1
10/03/2021,47167,32.9
10/03/2021,37119,52.3
10/03/2021,39089,47.9
10/03/2021,01003,42.7
10/03/2021,19151,47.4
10/03/2021,18109,48.1
10/03/2021,08121,25.9
10/03/2021,21057,37.8
10/03/2021,35007,39.5
10/03/2021,47075,43.4
10/03/2021,48181,0.0
10/03/2021,72049,90.1
10/03/2021,55087,55.8
10/03/2021,39051,46.0
10/03/2021,30017,37.2
10/03/2021,39031,33.9
10/03/2021,31027,36.8
10/03/2021,20049,29.4
10/03/2021,39131,37.4
10/03/2021,51085,54.4
10/03/2021,28011,50.9
10/03/2021,05029,47.4
10/03/2021,37037,49.6
10/03/2021,46135,55.7
10/03/2021,55105,60.3
10/03/2021,02050,56.2
10/03/2021,18157,51.8
10/03/2021,38053,17.7
10/03/2021,55107,36.1
10/03/2021,48363,0.0
10/03/2021,36027,60.7
10/03/2021,40049,41.1
10/03/2021,20099,43.6
10/03/2021,72091,68.5
10/03/2021,13015,15.0
10/03/2021,17053,46.0
10/03/2021,31107,43.8
10/03/2021,54079,16.8
10/03/2021,20181,38.4
10/03/2021,53055,73.3
10/03/2021,24037,57.3
10/03/2021,19177,37.1
10/03/2021,27073,51.6
10/03/2021,12031,52.1
10/03/2021,31105,31.3
10/03/2021,48323,0.0
10/03/2021,55063,60.3
10/03/2021,17177,50.7
10/03/2021,48431,0.0
10/03/2021,51830,38.6
10/03/2021,48345,0.0
10/03/2021,30093,54.8
10/03/2021,01105,41.8
10/03/2021,12035,56.2
10/03/2021,21119,41.6
10/03/2021,51630,37.7
10/03/2021,48315,0.0
10/03/2021,49015,37.0
10/03/2021,38087,9.3
10/03/2021,28157,55.6
10/03/2021,12107,34.8
10/03/2021,19051,32.5
10/03/2021,36111,63.4
10/03/2021,36077,54.3
10/03/2021,31031,29.7
10/03/2021,56009,27.6
10/03/2021,29057,39.4
10/03/2021,18053,37.5
10/03/2021,48117,0.0
10/03/2021,15007,0.0
10/03/2021,36051,52.8
10/03/2021,47043,40.3
10/03/2021,45005,49.3
10/03/2021,08011,22.0
10/03/2021,28009,43.2
10/03/2021,25009,63.7
10/03/2021,17131,48.1
10/03/2021,17089,51.6
10/03/2021,13241,25.5
10/03/2021,12073,49.8
10/03/2021,72011,66.7
10/03/2021,08103,33.4
10/03/2021,29085,34.8
10/03/2021,55049,61.9
10/03/2021,55085,58.9
10/03/2021,28073,51.4
10/03/2021,46071,35.8
10/03/2021,51109,40.1
10/03/2021,13253,15.8
10/03/2021,22053,31.5
10/03/2021,08051,60.7
10/03/2021,21071,49.5
10/03/2021,27159,42.2
10/03/2021,28133,45.6
10/03/2021,29113,34.1
10/03/2021,53075,40.1
10/03/2021,16007,37.8
10/03/2021,26115,49.0
10/03/2021,18129,42.8
10/03/2021,37139,42.0
10/03/2021,37111,41.8
10/03/2021,47137,38.7
10/03/2021,48179,0.0
10/03/2021,05139,40.9
10/03/2021,39079,39.8
10/03/2021,38025,20.0
10/03/2021,38017,50.1
10/03/2021,51595,32.3
10/03/2021,27089,38.4
10/03/2021,39007,45.5
10/03/2021,51095,50.5
10/03/2021,36017,53.9
10/03/2021,48077,0.0
10/03/2021,47115,37.7
10/03/2021,05149,42.0
10/03/2021,39035,56.1
10/03/2021,21133,46.0
10/03/2021,17157,39.2
10/03/2021,29157,34.7
10/03/2021,39021,39.2
10/03/2021,30033,17.2
10/03/2021,19137,49.9
10/03/2021,55045,56.9
10/03/2021,06065,49.0
10/03/2021,21197,46.8
10/03/2021,53051,34.3
10/03/2021,51678,38.7
10/03/2021,51007,33.6
10/03/2021,36041,77.7
10/03/2021,17091,40.6
10/03/2021,19049,57.2
10/03/2021,31045,33.4
10/03/2021,45081,26.5
10/03/2021,31033,37.4
10/03/2021,53071,54.9
10/03/2021,40017,49.0
10/03/2021,31005,16.6
10/03/2021,31007,24.7
10/03/2021,47107,33.8
10/03/2021,13097,26.7
10/03/2021,48283,0.0
10/03/2021,21205,45.6
10/03/2021,37065,39.8
10/03/2021,12059,25.4
10/03/2021,12047,31.6
10/03/2021,51003,58.6
10/03/2021,48277,0.0
10/03/2021,46037,47.7
10/03/2021,42113,43.7
10/03/2021,34035,65.6
10/03/2021,40073,39.0
10/03/2021,05023,39.1
10/03/2021,51810,50.5
10/03/2021,21223,40.2
10/03/2021,09013,59.9
10/03/2021,72071,62.5
10/03/2021,39107,33.7
10/03/2021,40125,40.8
10/03/2021,26157,39.2
10/03/2021,30111,44.6
10/03/2021,42077,63.8
10/03/2021,42031,40.3
10/03/2021,51141,35.4
10/03/2021,48001,0.0
10/03/2021,17023,37.3
10/03/2021,05117,37.4
10/03/2021,29129,30.7
10/03/2021,27009,34.0
10/03/2021,26121,47.1
10/03/2021,49049,43.3
10/03/2021,16053,33.3
10/03/2021,31165,21.9
10/03/2021,08033,36.6
10/03/2021,45061,35.5
10/03/2021,48381,0.0
10/03/2021,48407,0.0
10/03/2021,18107,41.0
10/03/2021,38065,21.8
10/03/2021,48071,0.0
10/03/2021,05143,46.3
10/03/2021,22085,31.4
10/03/2021,48225,0.0
10/03/2021,28025,40.0
10/03/2021,37173,46.0
10/03/2021,26153,45.1
10/03/2021,54065,5.5
10/03/2021,08053,51.6
10/03/2021,20133,22.8
10/03/2021,33003,63.2
10/03/2021,30045,33.8
10/03/2021,17195,46.9
10/03/2021,26019,58.3
10/03/2021,48385,0.0
10/03/2021,31083,36.3
10/03/2021,40149,33.2
10/03/2021,05133,37.2
10/03/2021,30005,70.2
10/03/2021,48217,0.0
10/03/2021,01005,35.7
10/03/2021,20027,50.2
10/03/2021,13239,11.0
10/03/2021,01033,42.0
10/03/2021,27169,52.6
10/03/2021,28137,37.1
10/03/2021,48483,0.0
10/03/2021,33001,55.4
10/03/2021,18103,36.4
10/03/2021,26099,49.9
10/03/2021,37181,40.4
10/03/2021,47087,28.9
10/03/2021,13223,18.8
10/03/2021,13289,11.5
10/03/2021,48453,0.0
10/03/2021,55123,49.1
10/03/2021,28117,37.7
10/03/2021,20073,44.1
10/03/2021,13053,99.9
10/03/2021,38021,47.2
10/03/2021,20195,35.6
10/03/2021,29093,33.2
10/03/2021,54057,33.3
10/03/2021,29043,40.7
10/03/2021,17051,26.7
10/03/2021,36015,51.5
10/03/2021,20123,48.5
10/03/2021,21041,43.6
10/03/2021,16023,37.0
10/03/2021,38101,39.7
10/03/2021,22031,35.5
10/03/2021,12055,44.6
10/03/2021,13295,21.8
10/03/2021,29117,38.8
10/03/2021,19145,47.0
10/03/2021,28111,31.3
10/03/2021,48193,0.0
10/03/2021,27043,49.6
10/03/2021,45017,33.5
10/03/2021,31095,48.9
10/03/2021,26061,45.1
10/03/2021,31071,26.5
10/03/2021,13013,18.2
10/03/2021,16013,66.8
10/03/2021,47095,28.7
10/03/2021,01093,31.4
10/03/2021,12021,62.2
10/03/2021,49035,56.7
10/03/2021,51027,41.5
10/03/2021,30055,16.2
10/03/2021,19105,53.0
10/03/2021,17055,35.7
10/03/2021,21235,38.3
10/03/2021,46121,45.2
10/03/2021,23015,71.2
10/03/2021,17049,37.9
10/03/2021,12091,48.4
10/03/2021,16021,28.5
10/03/2021,18075,34.1
10/03/2021,08075,31.9
10/03/2021,38029,29.3
10/03/2021,19127,56.3
10/03/2021,47117,35.9
10/03/2021,37017,31.6
10/03/2021,47017,40.6
10/03/2021,72139,43.7
10/03/2021,39077,41.5
10/03/2021,48019,0.0
10/03/2021,47085,33.8
10/03/2021,24015,50.5
10/03/2021,27033,48.1
10/03/2021,18039,37.4
10/03/2021,35003,30.1
10/03/2021,72079,68.2
10/03/2021,05129,34.8
10/03/2021,12121,33.0
10/03/2021,72039,71.9
10/03/2021,50027,44.3
10/03/2021,29001,39.5
10/03/2021,48309,0.0
10/03/2021,30085,50.9
10/03/2021,13151,19.7
10/03/2021,41019,47.4
10/03/2021,47133,30.7
10/03/2021,19015,57.2
10/03/2021,19111,45.0
10/03/2021,19065,48.8
10/03/2021,48105,0.0
10/03/2021,29163,33.7
10/03/2021,37113,35.5
10/03/2021,48455,0.0
10/03/2021,29007,32.8
10/03/2021,48173,0.0
10/03/2021,29187,37.3
10/03/2021,54051,10.6
10/03/2021,51520,59.2
10/03/2021,33011,55.6
10/03/2021,42093,69.6
10/03/2021,13311,10.3
10/03/2021,46102,55.6
10/03/2021,48489,0.0
10/03/2021,26077,53.0
10/03/2021,21081,45.7
10/03/2021,72013,99.9
10/03/2021,48251,0.0
10/03/2021,50005,31.8
10/03/2021,10001,45.8
10/03/2021,48391,0.0
10/03/2021,17133,50.7
10/03/2021,48159,0.0
10/03/2021,48171,0.0
10/03/2021,18071,46.9
10/03/2021,13061,32.0
10/03/2021,19185,37.3
10/03/2021,48161,0.0
10/03/2021,13009,12.9
10/03/2021,48239,0.0
10/03/2021,20177,53.2
10/03/2021,17003,25.2
10/03/2021,41045,38.9
10/03/2021,39143,46.5
10/03/2021,49051,49.1
10/03/2021,26039,43.6
10/03/2021,21187,33.7
10/03/2021,26129,39.2
10/03/2021,45037,50.9
10/03/2021,21003,36.8
10/03/2021,48261,0.0
10/03/2021,36033,56.1
10/03/2021,72151,64.3
10/03/2021,22103,49.9
10/03/2021,06087,68.4
10/03/2021,19107,41.6
10/03/2021,09005,68.0
10/03/2021,27067,44.7
10/03/2021,22095,50.2
10/03/2021,30059,44.7
10/03/2021,41051,69.7
10/03/2021,37179,46.1
10/03/2021,72103,54.4
10/03/2021,19187,50.9
10/03/2021,40043,22.9
10/03/2021,46019,28.7
10/03/2021,46005,36.6
10/03/2021,40021,38.9
10/03/2021,42005,52.0
10/03/2021,48065,0.0
10/03/2021,55077,47.5
10/03/2021,48131,0.0
10/03/2021,22123,36.4
10/03/2021,39169,39.5
10/03/2021,39067,37.4
10/03/2021,47165,40.7
10/03/2021,48317,0.0
10/03/2021,51157,48.4
10/03/2021,51600,55.8
10/03/2021,36029,60.5
10/03/2021,37107,44.7
10/03/2021,18137,42.3
10/03/2021,26079,41.8
10/03/2021,37133,46.2
10/03/2021,48227,0.0
10/03/2021,37031,38.9
10/03/2021,39113,48.7
10/03/2021,16081,51.8
10/03/2021,47143,36.8
10/03/2021,38081,53.1
10/03/2021,04025,39.6
10/03/2021,05005,41.8
10/03/2021,37189,47.5
10/03/2021,22045,39.7
10/03/2021,56043,34.9
10/03/2021,30061,47.6
10/03/2021,46045,31.6
10/03/2021,66010,55.7
10/03/2021,51173,42.5
10/03/2021,49033,39.1
10/03/2021,47035,41.4
10/03/2021,55041,52.0
10/03/2021,06085,74.2
10/03/2021,22047,48.4
10/03/2021,48397,0.0
10/03/2021,25019,1.3
10/03/2021,53009,60.4
10/03/2021,12013,30.6
10/03/2021,13301,16.1
10/03/2021,22097,35.6
10/03/2021,31151,44.1
10/03/2021,08117,74.8
10/03/2021,19157,52.0
10/03/2021,39105,37.7
10/03/2021,48115,0.0
10/03/2021,17001,44.7
10/03/2021,17165,38.8
10/03/2021,48259,0.0
10/03/2021,19189,46.7
10/03/2021,78030,0.0
10/03/2021,29083,39.7
10/03/2021,16009,41.5
10/03/2021,38103,38.3
10/03/2021,27075,59.0
10/03/2021,55081,45.9
10/03/2021,30015,26.7
10/03/2021,32510,56.5
10/03/2021,27137,57.5
10/03/2021,18017,39.4
10/03/2021,20079,39.9
10/03/2021,54021,39.9
10/03/2021,56019,36.7
10/03/2021,48203,0.0
10/03/2021,19171,55.3
10/03/2021,31089,36.9
10/03/2021,28075,44.0
10/03/2021,36049,45.4
10/03/2021,06069,53.8
10/03/2021,37003,38.2
10/03/2021,29133,37.2
10/03/2021,29161,38.4
10/03/2021,48197,0.0
10/03/2021,13091,10.0
10/03/2021,39153,55.1
10/03/2021,02068,45.6
10/03/2021,21123,40.9
10/03/2021,45091,39.8
10/03/2021,46099,52.3
10/03/2021,54019,26.3
10/03/2021,20039,35.4
10/03/2021,54099,30.0
10/03/2021,29067,21.2
10/03/2021,36087,54.8
10/03/2021,34025,59.3
10/03/2021,47183,31.9
10/03/2021,47005,37.9
10/03/2021,39137,42.5
10/03/2021,20055,35.8
10/03/2021,25015,58.0
10/03/2021,51113,48.7
10/03/2021,13201,20.4
10/03/2021,30049,51.9
10/03/2021,36119,68.3
10/03/2021,48201,0.0
10/03/2021,56017,41.8
10/03/2021,20061,56.1
10/03/2021,19011,51.4
10/03/2021,17201,46.1
10/03/2021,13133,38.8
10/03/2021,13101,13.9
10/03/2021,05061,45.7
10/03/2021,08019,43.5
10/03/2021,40143,52.6
10/03/2021,12001,58.5
10/03/2021,20057,35.8
10/03/2021,09015,56.1
10/03/2021,36063,58.2
10/03/2021,54025,34.0
10/03/2021,48367,0.0
10/03/2021,37069,42.0
10/03/2021,42013,44.9
10/03/2021,40089,29.3
10/03/2021,21163,37.1
10/03/2021,46109,49.7
10/03/2021,21107,45.9
10/03/2021,13229,23.6
10/03/2021,20069,38.1
10/03/2021,28113,42.5
10/03/2021,51800,43.9
10/03/2021,48379,0.0
10/03/2021,24033,61.0
10/03/2021,19067,47.8
10/03/2021,37141,43.3
10/03/2021,27171,45.8
10/03/2021,01051,37.0
10/03/2021,26139,49.6
10/03/2021,29015,42.4
10/03/2021,36103,64.9
10/03/2021,05119,49.5
10/03/2021,34009,65.1
10/03/2021,48091,0.0
10/03/2021,29135,32.2
10/03/2021,45071,45.8
10/03/2021,50021,60.8
10/03/2021,19053,36.3
10/03/2021,33017,54.8
10/03/2021,16067,31.3
10/03/2021,55015,49.3
10/03/2021,72051,66.3
10/03/2021,27077,49.4
10/03/2021,53017,52.8
10/03/2021,05089,31.0
10/03/2021,55103,52.3
10/03/2021,22025,35.0
10/03/2021,06023,56.8
10/03/2021,18033,38.3
10/03/2021,13185,25.3
10/03/2021,47161,35.4
10/03/2021,30087,66.7
10/03/2021,54047,22.5
10/03/2021,48487,0.0
10/03/2021,51580,33.6
10/03/2021,29115,41.0
10/03/2021,37087,49.6
10/03/2021,40123,44.8
10/03/2021,21011,47.8
10/03/2021,51063,36.1
10/03/2021,06001,69.7
10/03/2021,26087,40.6
10/03/2021,27025,49.0
10/03/2021,48119,0.0
10/03/2021,20183,40.4
10/03/2021,45045,46.9
10/03/2021,06035,30.9
10/03/2021,17147,48.2
10/03/2021,17171,36.2
10/03/2021,39027,40.9
10/03/2021,26033,61.7
10/03/2021,38095,41.8
10/03/2021,47105,55.7
10/03/2021,45055,49.3
10/03/2021,18009,40.6
10/03/2021,48003,0.0
10/03/2021,42051,51.7
10/03/2021,13177,16.7
10/03/2021,19069,47.5
10/03/2021,12086,72.5
10/03/2021,05053,39.9
10/03/2021,01045,44.9
10/03/2021,20171,40.9
10/03/2021,18149,32.6
10/03/2021,31043,53.8
10/03/2021,51019,40.5
10/03/2021,40035,45.5
10/03/2021,55031,37.6
10/03/2021,04012,40.7
10/03/2021,55055,50.3
10/03/2021,72015,64.0
10/03/2021,39087,37.9
10/03/2021,55133,61.5
10/03/2021,36123,46.6
10/03/2021,40041,31.6
10/03/2021,47023,30.7
10/03/2021,48339,0.0
10/03/2021,27115,41.4
10/03/2021,47125,47.5
10/03/2021,47129,43.6
10/03/2021,02090,46.3
10/03/2021,40077,29.3
10/03/2021,40095,37.5
10/03/2021,01081,33.7
10/03/2021,21147,36.4
10/03/2021,06113,59.2
10/03/2021,16017,35.9
10/03/2021,13265,19.3
10/03/2021,23029,62.1
10/03/2021,55001,50.0
10/03/2021,22011,28.3
10/03/2021,18105,53.8
10/03/2021,72029,64.7
10/03/2021,47157,44.5
10/03/2021,46023,42.0
10/03/2021,39127,35.0
10/03/2021,72009,78.9
10/03/2021,37071,40.5
10/03/2021,29207,34.5
10/03/2021,38015,41.0
10/03/2021,51770,39.1
10/03/2021,54085,19.1
10/03/2021,48107,0.0
10/03/2021,27069,47.3
10/03/2021,28141,33.6
10/03/2021,72113,73.9
10/03/2021,13135,29.6
10/03/2021,13275,22.8
10/03/2021,02220,68.1
10/03/2021,21045,30.7
10/03/2021,12009,55.9
10/03/2021,05051,39.4
10/03/2021,40093,42.6
10/03/2021,40113,29.3
10/03/2021,28151,41.8
10/03/2021,29119,26.4
10/03/2021,28077,47.9
10/03/2021,27105,50.6
10/03/2021,18091,50.1
10/03/2021,19159,46.1
10/03/2021,36089,53.6
10/03/2021,51149,51.0
10/03/2021,51750,34.3
10/03/2021,13059,22.1
10/03/2021,72133,62.2
10/03/2021,45011,45.7
10/03/2021,55003,60.8
10/03/2021,17191,34.5
10/03/2021,12129,39.2
10/03/2021,21171,39.7
10/03/2021,22005,43.6
10/03/2021,37177,40.2
10/03/2021,17105,37.7
10/03/2021,37155,34.1
10/03/2021,23007,55.8
10/03/2021,37067,52.0
10/03/2021,51033,37.4
10/03/2021,37159,36.9
10/03/2021,31139,33.6
10/03/2021,08123,51.2
10/03/2021,18115,67.5
10/03/2021,47113,47.2
10/03/2021,37073,40.9
10/03/2021,20203,44.1
10/03/2021,05135,33.8
10/03/2021,40029,34.8
10/03/2021,37061,35.4
10/03/2021,37001,49.3
10/03/2021,51065,55.6
10/03/2021,06029,42.2
10/03/2021,45033,38.1
10/03/2021,54087,5.2
10/03/2021,28081,38.3
10/03/2021,41059,46.9
10/03/2021,31117,11.7
10/03/2021,46009,44.9
10/03/2021,47141,43.9
10/03/2021,09003,66.2
10/03/2021,06003,0.0
10/03/2021,53035,55.8
10/03/2021,19165,53.5
10/03/2021,13037,19.3
10/03/2021,17197,52.9
10/03/2021,29173,25.5
10/03/2021,29071,48.5
10/03/2021,17129,48.7
10/03/2021,37077,50.2
10/03/2021,18021,49.9
10/03/2021,47009,45.2
10/03/2021,13035,12.7
10/03/2021,26141,53.3
10/03/2021,39013,40.6
10/03/2021,46051,38.7
10/03/2021,21053,33.9
10/03/2021,13021,22.5
10/03/2021,48063,0.0
10/03/2021,21001,34.3
10/03/2021,19099,51.7
10/03/2021,19035,47.9
10/03/2021,05079,30.5
10/03/2021,38031,47.9
10/03/2021,02060,90.0
10/03/2021,39003,37.3
10/03/2021,19087,47.7
10/03/2021,53023,33.1
10/03/2021,42065,44.2
10/03/2021,27003,49.4
10/03/2021,26043,59.0
10/03/2021,05113,29.9
10/03/2021,39065,32.7
10/03/2021,53053,53.7
10/03/2021,22071,59.8
10/03/2021,55053,43.9
10/03/2021,37059,48.2
10/03/2021,45087,35.1
10/03/2021,37047,36.6
10/03/2021,34017,64.8
10/03/2021,37023,40.4
10/03/2021,05115,43.4
10/03/2021,05001,49.1
10/03/2021,31173,55.5
10/03/2021,06047,40.8
10/03/2021,13171,12.6
10/03/2021,16071,34.1
10/03/2021,48281,0.0
10/03/2021,48371,0.0
10/03/2021,26053,55.9
10/03/2021,22111,39.9
10/03/2021,21189,39.4
10/03/2021,72149,77.9
10/03/2021,55033,43.1
10/03/2021,16055,36.9
10/03/2021,32007,33.8
10/03/2021,72107,69.9
10/03/2021,48325,0.0
10/03/2021,21111,59.3
10/03/2021,19131,44.2
10/03/2021,42007,47.4
10/03/2021,31175,28.6
10/03/2021,27123,60.6
10/03/2021,20173,43.3
10/03/2021,13233,12.9
10/03/2021,51121,42.2
10/03/2021,13217,16.4
10/03/2021,27143,40.3
10/03/2021,13303,13.7
10/03/2021,49011,53.7
10/03/2021,13155,13.5
10/03/2021,54105,5.8
10/03/2021,21083,38.9
10/03/2021,51143,37.7
10/03/2021,36037,52.6
10/03/2021,13273,23.6
10/03/2021,36113,69.0
10/03/2021,20059,44.0
10/03/2021,42067,38.5
10/03/2021,48409,0.0
10/03/2021,40099,39.4
10/03/2021,72035,71.7
10/03/2021,48361,0.0
10/03/2021,50011,31.8
10/03/2021,39053,38.8
10/03/2021,48055,0.0
10/03/2021,22035,38.9
10/03/2021,29017,29.3
10/03/2021,38061,32.8
10/03/2021,55115,46.4
10/03/2021,12117,54.0
10/03/2021,26149,38.6
10/03/2021,39173,54.4
10/03/2021,38089,30.5
10/03/2021,49037,49.6
10/03/2021,20075,32.9
10/03/2021,18067,42.1
10/03/2021,16057,47.7
10/03/2021,10005,58.1
10/03/2021,26021,48.2
10/03/2021,13279,19.2
10/03/2021,39175,42.0
10/03/2021,31001,36.8
10/03/2021,29073,46.7
10/03/2021,51660,37.3
10/03/2021,32023,39.9
10/03/2021,38069,41.2
10/03/2021,50015,53.5
10/03/2021,51530,36.7
10/03/2021,31159,44.4
10/03/2021,08031,65.2
10/03/2021,18037,50.8
10/03/2021,20197,41.5
10/03/2021,48027,0.0
10/03/2021,20091,63.8
10/03/2021,26101,51.7
10/03/2021,41005,60.4
10/03/2021,48313,0.0
10/03/2021,26069,48.8
10/03/2021,54013,12.4
10/03/2021,48351,0.0
10/03/2021,19123,38.5
10/03/2021,01059,37.7
10/03/2021,05107,42.4
10/03/2021,31103,25.8
10/03/2021,42017,62.8
10/03/2021,13001,12.9
10/03/2021,54101,30.7
10/03/2021,19155,49.8
10/03/2021,12029,29.9
10/03/2021,08059,67.9
10/03/2021,51175,34.8
10/03/2021,48009,0.0
10/03/2021,12127,52.7
10/03/2021,08014,70.3
10/03/2021,21059,49.5
10/03/2021,53067,56.6
10/03/2021,30057,39.7
10/03/2021,39029,42.9
10/03/2021,21027,37.9
10/03/2021,06025,67.4
10/03/2021,20135,45.2
10/03/2021,54007,12.2
10/03/2021,36109,70.2
10/03/2021,02188,49.6
10/03/2021,28145,34.3
10/03/2021,31125,26.0
10/03/2021,48297,0.0
10/03/2021,28095,44.3
10/03/2021,55101,52.2
10/03/2021,48333,0.0
10/03/2021,21017,51.1
10/03/2021,34001,56.6
10/03/2021,51119,56.4
10/03/2021,13117,21.6
10/03/2021,26107,35.1
10/03/2021,31181,34.6
10/03/2021,40063,39.2
10/03/2021,24005,62.6
10/03/2021,13129,14.2
10/03/2021,48195,0.0
10/03/2021,17153,32.0
10/03/2021,42041,60.4
10/03/2021,13287,20.2
10/03/2021,16047,33.2
10/03/2021,28021,46.1
10/03/2021,05069,35.7
10/03/2021,47033,40.3
10/03/2021,17151,26.8
10/03/2021,39063,44.7
10/03/2021,12061,59.0
10/03/2021,01011,43.1
10/03/2021,24011,50.6
10/03/2021,41053,55.9
10/03/2021,02164,50.3
10/03/2021,45021,28.4
10/03/2021,17095,46.3
10/03/2021,39025,49.6
10/03/2021,01085,41.0
10/03/2021,42027,53.6
10/03/2021,47025,38.2
10/03/2021,40115,33.0
10/03/2021,28161,57.4
10/03/2021,48185,0.0
10/03/2021,26045,48.7
10/03/2021,44007,60.8
10/03/2021,28103,48.4
10/03/2021,22077,48.9
10/03/2021,31101,31.6
10/03/2021,36059,69.1
10/03/2021,05127,40.2
10/03/2021,36039,54.8
10/03/2021,12123,34.2
10/03/2021,39129,43.8
10/03/2021,28039,33.8
10/03/2021,46125,35.6
10/03/2021,47135,33.9
10/03/2021,21185,53.8
10/03/2021,51059,67.8
10/03/2021,38027,47.2
10/03/2021,29029,40.3
10/03/2021,06075,73.6
10/03/2021,19143,40.9
10/03/2021,25025,63.2
10/03/2021,41013,44.5
10/03/2021,48289,0.0
10/03/2021,56007,38.0
10/03/2021,13043,18.2
10/03/2021,54003,30.2
10/03/2021,05025,46.1
10/03/2021,26117,35.6
10/03/2021,27139,58.5
10/03/2021,20005,38.9
10/03/2021,40061,35.3
10/03/2021,41003,67.4
10/03/2021,47057,42.5
10/03/2021,47037,55.2
10/03/2021,21073,69.3
10/03/2021,46029,39.1
10/03/2021,24003,66.9
10/03/2021,18073,41.2
10/03/2021,34033,46.7
10/03/2021,30009,42.5
10/03/2021,38077,45.1
10/03/2021,48355,0.0
10/03/2021,55059,51.6
10/03/2021,13065,30.2
10/03/2021,13277,19.9
10/03/2021,48287,0.0
10/03/2021,36069,60.7
10/03/2021,16039,36.3
10/03/2021,21181,46.7
10/03/2021,42061,45.0
10/03/2021,06063,0.0
10/03/2021,45083,37.2
10/03/2021,46053,37.3
10/03/2021,26057,38.8
10/03/2021,39019,38.4
10/03/2021,55017,50.2
10/03/2021,21177,44.6
10/03/2021,28153,32.9
10/03/2021,06101,49.4
10/03/2021,01037,35.0
10/03/2021,40087,41.9
10/03/2021,46127,43.7
10/03/2021,31143,36.3
10/03/2021,33005,55.8
10/03/2021,27013,52.7
10/03/2021,72145,70.2
10/03/2021,46087,40.3
10/03/2021,31127,44.4
10/03/2021,41067,66.3
10/03/2021,13081,17.2
10/03/2021,51005,37.2
10/03/2021,06077,49.8
10/03/2021,55113,52.2
10/03/2021,48435,0.0
10/03/2021,55109,42.9
10/03/2021,27091,48.4
10/03/2021,48257,0.0
10/03/2021,36035,47.4
10/03/2021,29185,30.5
10/03/2021,28097,48.6
10/03/2021,29045,26.7
10/03/2021,31145,32.2
10/03/2021,13247,16.7
10/03/2021,51820,42.1
10/03/2021,47149,44.6
10/03/2021,30095,37.1
10/03/2021,48421,0.0
10/03/2021,30097,35.9
10/03/2021,44009,69.5
10/03/2021,30003,66.4
10/03/2021,12037,42.5
10/03/2021,47177,34.2
10/03/2021,42009,33.6
10/03/2021,31057,33.2
10/03/2021,04015,35.4
10/03/2021,48191,0.0
10/03/2021,51197,34.4
10/03/2021,48087,0.0
10/03/2021,30081,43.1
10/03/2021,51147,30.4
10/03/2021,40145,40.4
10/03/2021,32003,47.8
10/03/2021,48243,0.0
10/03/2021,12099,58.1
10/03/2021,55025,72.8
10/03/2021,55131,50.8
10/03/2021,30047,49.5
10/03/2021,35057,37.9
10/03/2021,17101,29.5
10/03/2021,27037,58.9
10/03/2021,45007,34.9
10/03/2021,17013,46.6
10/03/2021,48221,0.0
10/03/2021,51177,41.6
10/03/2021,35049,62.2
10/03/2021,20187,42.9
10/03/2021,28159,42.4
10/03/2021,18121,35.8
10/03/2021,13119,13.0
10/03/2021,12125,31.6
10/03/2021,08079,70.0
10/03/2021,32005,46.6
10/03/2021,34003,67.4
10/03/2021,38035,48.5
10/03/2021,23003,60.1
10/03/2021,49003,39.0
10/03/2021,48069,0.0
10/03/2021,25017,69.2
10/03/2021,42097,53.4
10/03/2021,06041,77.0
10/03/2021,06011,49.8
10/03/2021,51185,36.9
10/03/2021,13191,34.0
10/03/2021,21179,51.9
10/03/2021,29229,32.2
10/03/2021,08025,18.6
10/03/2021,17143,50.8
10/03/2021,41001,64.8
10/03/2021,51125,52.2
10/03/2021,54089,17.5
10/03/2021,29203,27.1
10/03/2021,48503,0.0
10/03/2021,20175,38.0
10/03/2021,19017,53.4
10/03/2021,13205,19.4
10/03/2021,18141,52.1
10/03/2021,13031,25.0
10/03/2021,48329,0.0
10/03/2021,19081,44.4
10/03/2021,53027,50.4
10/03/2021,27113,44.4
10/03/2021,19043,43.6
10/03/2021,46027,55.6
10/03/2021,18019,54.0
10/03/2021,05027,40.7
10/03/2021,29183,53.6
10/03/2021,37191,42.3
10/03/2021,40051,32.6
10/03/2021,20047,41.7
10/03/2021,39163,34.4
10/03/2021,46101,40.1
10/03/2021,55011,44.7
10/03/2021,39149,31.4
10/03/2021,28099,33.9
10/03/2021,35037,32.2
10/03/2021,51081,33.3
10/03/2021,18165,41.4
10/03/2021,42001,48.1
10/03/2021,51510,55.6
10/03/2021,48041,0.0
10/03/2021,27011,57.3
10/03/2021,56041,39.3
10/03/2021,46067,38.4
10/03/2021,51036,46.5
10/03/2021,39041,64.8
10/03/2021,21139,43.1
10/03/2021,18161,43.4
10/03/2021,30019,35.9
10/03/2021,42035,38.6
10/03/2021,24023,43.3
10/03/2021,35019,32.0
10/03/2021,26097,65.8
10/03/2021,13315,12.8
10/03/2021,39161,37.7
10/03/2021,21063,29.8
10/03/2021,48235,0.0
10/03/2021,54031,23.9
10/03/2021,51041,50.4
10/03/2021,13173,10.9
10/03/2021,21173,44.3
10/03/2021,12057,51.8
10/03/2021,08067,62.9
10/03/2021,28047,45.2
10/03/2021,46055,27.7
10/03/2021,13197,15.2
10/03/2021,46025,44.8
10/03/2021,19021,57.6
10/03/2021,37147,45.0
10/03/2021,26151,37.7
10/03/2021,28105,45.6
10/03/2021,47091,32.6
10/03/2021,21061,33.4
10/03/2021,47151,30.7
10/03/2021,54033,20.8
10/03/2021,48501,0.0
10/03/2021,26023,38.9
10/03/2021,26051,41.7
10/03/2021,20155,44.0
10/03/2021,41029,51.0
10/03/2021,42063,41.4
10/03/2021,22107,54.2
10/03/2021,29165,48.1
10/03/2021,36121,44.8
10/03/2021,36075,52.5
10/03/2021,28031,43.4
10/03/2021,55061,45.8
10/03/2021,47109,41.3
10/03/2021,39047,37.7
10/03/2021,38063,62.6
10/03/2021,13283,14.3
10/03/2021,30021,33.4
10/03/2021,23025,53.4
10/03/2021,48335,0.0
10/03/2021,28109,38.3
10/03/2021,18153,44.1
10/03/2021,49021,36.1
10/03/2021,31141,39.8
10/03/2021,34029,47.7
10/03/2021,17093,52.2
10/03/2021,32011,22.9
10/03/2021,13025,11.4
10/03/2021,55097,54.5
10/03/2021,41035,44.0
10/03/2021,48399,0.0
10/03/2021,50013,70.4
10/03/2021,08037,70.9
10/03/2021,50001,61.7
10/03/2021,19097,47.7
10/03/2021,13211,22.0
10/03/2021,22109,38.4
10/03/2021,19093,43.6
10/03/2021,38039,42.6
10/03/2021,30013,46.4
10/03/2021,17199,43.5
10/03/2021,31147,46.3
10/03/2021,53057,57.8
10/03/2021,21233,40.5
10/03/2021,28065,38.0
10/03/2021,06105,0.0
10/03/2021,48233,0.0
10/03/2021,53007,61.0
10/03/2021,28023,47.6
10/03/2021,13017,12.7
10/03/2021,27087,51.9
10/03/2021,29211,38.4
10/03/2021,27053,63.4
10/03/2021,51169,49.5
10/03/2021,29021,33.0
10/03/2021,08113,73.3
10/03/2021,48111,0.0
10/03/2021,29081,29.3
10/03/2021,18029,52.9
10/03/2021,01019,27.4
10/03/2021,21215,27.8
10/03/2021,29510,48.2
10/03/2021,31051,37.9
10/03/2021,39083,37.9
10/03/2021,08047,52.1
10/03/2021,42087,46.7
10/03/2021,31171,21.7
10/03/2021,35059,21.8
10/03/2021,38055,39.0
10/03/2021,29167,34.8
10/03/2021,48219,0.0
10/03/2021,72095,64.6
10/03/2021,47019,35.0
10/03/2021,22003,31.0
10/03/2021,55037,40.8
10/03/2021,20035,41.1
10/03/2021,23017,58.5
10/03/2021,27083,48.4
10/03/2021,45003,39.5
10/03/2021,18183,43.0
10/03/2021,13317,16.5
10/03/2021,28007,45.7
10/03/2021,29143,28.8
10/03/2021,27081,43.1
10/03/2021,42059,42.1
10/03/2021,55125,57.6
10/03/2021,19005,47.1
10/03/2021,17159,40.0
10/03/2021,27007,50.3
10/03/2021,19173,41.9
10/03/2021,13219,26.4
10/03/2021,01039,33.0
10/03/2021,18171,40.6
10/03/2021,37131,40.1
10/03/2021,21135,32.3
10/03/2021,13181,18.1
10/03/2021,30025,29.3
10/03/2021,29053,37.7
10/03/2021,30023,51.4
10/03/2021,42003,59.8
10/03/2021,31077,35.8
10/03/2021,46031,28.9
10/03/2021,27015,57.6
10/03/2021,38085,35.8
10/03/2021,30079,33.1
10/03/2021,31011,44.6
10/03/2021,48189,0.0
10/03/2021,28033,44.1
10/03/2021,08097,69.8
10/03/2021,26111,50.6
10/03/2021,53019,47.8
10/03/2021,42101,51.0
10/03/2021,22127,38.9
10/03/2021,20159,38.3
10/03/2021,01029,26.7
10/03/2021,45035,44.8
10/03/2021,29175,32.4
10/03/2021,28069,38.8
10/03/2021,28053,48.8
10/03/2021,20087,47.5
10/03/2021,39121,37.2
10/03/2021,16059,39.5
10/03/2021,26003,56.3
10/03/2021,48271,0.0
10/03/2021,20141,37.5
10/03/2021,26071,49.9
10/03/2021,18135,39.3
10/03/2021,31167,24.2
10/03/2021,18119,38.6
10/03/2021,21097,42.6
10/03/2021,21109,30.2
10/03/2021,37103,43.2
10/03/2021,37183,61.0
10/03/2021,04005,67.0
10/03/2021,36101,51.5
10/03/2021,39099,49.7
10/03/2021,20105,39.4
10/03/2021,28107,39.0
10/03/2021,28043,45.8
10/03/2021,37021,56.4
10/03/2021,20037,41.8
10/03/2021,47021,42.8
10/03/2021,39075,16.1
10/03/2021,08049,55.3
10/03/2021,21079,43.4
10/03/2021,40011,40.0
10/03/2021,26125,58.7
10/03/2021,36005,56.9
10/03/2021,20209,46.7
10/03/2021,49001,37.7
10/03/2021,19061,57.6
10/03/2021,02020,54.3
10/03/2021,17071,40.5
10/03/2021,55069,49.1
10/03/2021,72069,69.5
10/03/2021,48145,0.0
10/03/2021,48285,0.0
10/03/2021,13213,14.0
10/03/2021,01041,29.4
10/03/2021,42121,38.9
10/03/2021,29059,31.6
10/03/2021,22029,34.6
10/03/2021,17183,32.8
10/03/2021,22087,40.7
10/03/2021,30091,42.1
10/03/2021,29079,31.1
10/03/2021,48365,0.0
10/03/2021,13083,19.4
10/03/2021,48311,0.0
10/03/2021,39005,36.6
10/03/2021,40135,33.7
10/03/2021,48269,0.0
10/03/2021,18147,40.1
10/03/2021,13281,10.9
10/03/2021,12039,50.9
10/03/2021,22073,38.8
10/03/2021,41041,63.4
10/03/2021,40033,38.9
10/03/2021,48023,0.0
10/03/2021,02240,27.0
10/03/2021,46049,44.2
10/03/2021,24017,57.0
10/03/2021,13051,42.4
10/03/2021,01007,29.7
10/03/2021,21213,46.3
10/03/2021,38007,19.1
10/03/2021,28019,30.7
10/03/2021,27111,42.6
10/03/2021,31129,44.7
10/03/2021,04023,89.0
10/03/2021,45053,31.4
10/03/2021,72109,68.2
10/03/2021,51051,40.1
10/03/2021,26049,43.2
10/03/2021,20151,42.8
10/03/2021,05073,34.1
10/03/2021,47045,33.1
10/03/2021,48053,0.0
10/03/2021,48349,0.0
10/03/2021,38001,43.2
10/03/2021,49007,39.8
10/03/2021,06083,59.8
10/03/2021,17011,45.5
10/03/2021,29105,32.7
10/03/2021,51091,54.0
10/03/2021,27045,58.1
10/03/2021,21067,63.4
10/03/2021,42073,48.3
10/03/2021,49057,47.6
10/03/2021,56005,23.6
10/03/2021,51075,60.7
10/03/2021,20143,35.8
10/03/2021,27031,71.1
10/03/2021,02150,55.8
10/03/2021,01119,42.4
10/03/2021,08013,68.5
10/03/2021,38033,24.6
10/03/2021,17031,55.9
10/03/2021,54063,29.3
10/03/2021,17057,44.3
10/03/2021,27059,35.1
10/03/2021,41009,53.2
10/03/2021,27151,49.3
10/03/2021,27145,48.6
10/03/2021,37093,27.6
10/03/2021,31123,30.7
10/03/2021,48155,0.0
10/03/2021,45027,40.1
10/03/2021,37019,53.3
10/03/2021,06021,45.7
10/03/2021,54075,23.7
10/03/2021,51061,52.8
10/03/2021,01109,35.1
10/03/2021,51155,39.9
10/03/2021,21239,67.1
10/03/2021,19007,41.2
10/03/2021,29159,37.0
10/03/2021,36023,52.3
10/03/2021,55119,31.1
10/03/2021,48383,0.0
10/03/2021,06107,42.2
10/03/2021,72147,69.5
10/03/2021,42015,37.0
10/03/2021,35035,43.4
10/03/2021,40133,45.1
10/03/2021,48499,0.0
10/03/2021,36117,54.9
10/03/2021,42107,54.9
10/03/2021,38075,32.1
10/03/2021,51073,51.5
10/03/2021,29189,54.6
10/03/2021,18087,20.0
10/03/2021,28067,36.2
10/03/2021,48075,0.0
10/03/2021,48045,0.0
10/03/2021,48417,0.0
10/03/2021,30089,34.1
10/03/2021,12097,60.8
10/03/2021,05075,39.2
10/03/2021,33007,55.6
10/03/2021,45009,42.8
10/03/2021,54001,6.6
10/03/2021,36011,52.4
10/03/2021,36031,63.9
10/03/2021,34005,64.4
10/03/2021,37005,49.5
10/03/2021,36065,54.1
10/03/2021,51590,33.3
10/03/2021,18089,49.4
10/03/2021,06013,69.5
10/03/2021,17097,59.0
10/03/2021,06089,41.5
10/03/2021,51171,43.7
10/03/2021,29171,29.3
10/03/2021,15005,0.0
10/03/2021,05097,32.6
10/03/2021,42095,58.2
10/03/2021,13209,20.7
10/03/2021,47083,34.8
10/03/2021,19047,47.3
10/03/2021,01111,28.5
10/03/2021,21183,34.5
10/03/2021,21207,41.2
10/03/2021,56027,25.0
10/03/2021,39111,39.3
10/03/2021,17103,44.8
10/03/2021,13285,19.5
10/03/2021,72131,76.8
10/03/2021,48025,0.0
10/03/2021,19009,53.2
10/03/2021,56029,39.5
10/03/2021,17061,36.2
10/03/2021,29179,22.1
10/03/2021,20193,36.7
10/03/2021,55005,47.2
10/03/2021,08111,85.6
10/03/2021,16085,51.6
10/03/2021,53029,57.0
10/03/2021,51570,35.9
10/03/2021,26131,62.1
10/03/2021,06005,47.2
10/03/2021,12105,48.2
10/03/2021,17043,61.4
10/03/2021,05047,43.0
10/03/2021,13027,29.9
10/03/2021,13161,10.3
10/03/2021,27029,36.6
10/03/2021,19091,44.3
10/03/2021,18059,60.5
10/03/2021,21051,37.3
10/03/2021,28013,36.1
10/03/2021,20067,40.3
10/03/2021,28055,32.0
10/03/2021,40031,49.2
10/03/2021,06093,46.5
10/03/2021,36081,70.8
10/03/2021,48415,0.0
10/03/2021,23027,62.4
10/03/2021,02282,69.1
10/03/2021,55075,44.7
10/03/2021,48057,0.0
10/03/2021,05059,37.8
10/03/2021,39117,36.3
10/03/2021,19059,52.4
10/03/2021,38013,34.0
10/03/2021,31013,27.3
10/03/2021,35045,65.2
10/03/2021,19153,58.2
10/03/2021,40027,46.0
10/03/2021,37137,48.9
10/03/2021,45077,40.6
10/03/2021,48495,0.0
10/03/2021,42029,59.4
10/03/2021,25013,55.9
10/03/2021,39095,49.8
10/03/2021,46077,56.5
10/03/2021,45043,48.4
10/03/2021,40127,30.1
10/03/2021,18023,42.1
10/03/2021,48061,0.0
10/03/2021,26103,57.6
10/03/2021,20113,46.9
10/03/2021,42055,43.5
10/03/2021,54103,10.4
10/03/2021,20001,39.0
10/03/2021,06095,55.7
10/03/2021,46057,32.6
10/03/2021,20147,38.9
10/03/2021,30107,30.9
10/03/2021,78020,0.0
10/03/2021,17135,40.1
10/03/2021,37135,64.6
10/03/2021,04017,60.5
10/03/2021,54071,37.1
10/03/2021,01049,28.0
10/03/2021,51159,38.4
10/03/2021,13321,15.9
10/03/2021,42127,56.0
10/03/2021,48101,0.0
10/03/2021,22063,34.2
10/03/2021,01089,51.8
10/03/2021,48083,0.0
10/03/2021,17083,47.8
10/03/2021,23011,61.6
10/03/2021,49027,34.7
10/03/2021,55047,48.4
10/03/2021,05041,50.7
10/03/2021,18159,40.8
10/03/2021,18013,45.6
10/03/2021,54055,38.4
10/03/2021,27101,46.0
10/03/2021,46093,43.4
10/03/2021,17009,30.9
10/03/2021,17185,42.5
10/03/2021,01035,35.9
10/03/2021,06111,61.6
10/03/2021,19095,56.2
10/03/2021,01127,40.6
10/03/2021,06039,43.4
10/03/2021,32017,32.8
10/03/2021,51001,61.6
10/03/2021,20139,44.3
10/03/2021,05043,42.0
10/03/2021,18123,51.3
10/03/2021,22023,15.5
10/03/2021,13221,25.5
10/03/2021,29145,22.5
10/03/2021,29003,31.9
10/03/2021,46043,33.8
10/03/2021,42103,50.0
10/03/2021,20007,41.3
10/03/2021,01025,44.4
10/03/2021,51720,30.8
10/03/2021,51135,40.1
10/03/2021,12081,53.5
10/03/2021,29219,36.9
10/03/2021,16061,41.0
10/03/2021,01107,41.4
10/03/2021,18093,43.9
10/03/2021,27127,45.7
10/03/2021,51111,43.6
10/03/2021,41021,38.5
10/03/2021,22051,56.5
10/03/2021,55071,53.2
10/03/2021,51089,36.3
10/03/2021,24025,61.8
10/03/2021,34019,61.1
10/03/2021,29087,36.9
10/03/2021,27057,40.6
10/03/2021,27147,52.7
10/03/2021,37151,37.0
10/03/2021,13183,6.6
10/03/2021,53037,47.1
10/03/2021,48405,0.0
10/03/2021,38073,52.7
10/03/2021,05031,37.4
10/03/2021,48255,0.0
10/03/2021,48143,0.0
10/03/2021,16051,31.2
10/03/2021,23013,73.6
10/03/2021,72075,62.2
10/03/2021,48073,0.0
10/03/2021,13153,33.3
10/03/2021,53059,33.9
10/03/2021,45065,53.9
10/03/2021,32015,32.6
10/03/2021,13149,12.3
10/03/2021,20029,41.3
10/03/2021,37101,43.6
10/03/2021,17161,47.2
10/03/2021,26035,39.3
10/03/2021,08005,57.7
10/03/2021,47145,38.3
10/03/2021,20165,45.0
10/03/2021,20021,39.9
10/03/2021,12071,54.4
10/03/2021,26005,44.5
10/03/2021,26007,46.4
10/03/2021,49025,42.1
10/03/2021,48491,0.0
10/03/2021,12043,29.1
10/03/2021,54045,30.0
10/03/2021,21217,46.6
10/03/2021,26127,46.0
10/03/2021,45079,51.9
10/03/2021,01055,35.0
10/03/2021,24013,64.7
10/03/2021,18051,41.9
10/03/2021,20051,43.1
10/03/2021,27107,47.6
10/03/2021,05111,37.8
10/03/2021,38009,43.3
10/03/2021,32019,35.6
10/03/2021,39081,43.6
10/03/2021,22001,45.9
10/03/2021,31155,45.8
10/03/2021,42045,63.3
10/03/2021,51043,55.8
10/03/2021,24047,63.9
10/03/2021,29095,47.3
10/03/2021,39057,56.1
10/03/2021,20009,37.3
10/03/2021,21161,46.5
10/03/2021,21103,51.1
10/03/2021,46065,49.5
10/03/2021,26075,45.5
10/03/2021,37115,42.5
10/03/2021,04009,52.9
10/03/2021,18057,63.6
10/03/2021,02180,60.6
10/03/2021,34027,68.7
10/03/2021,31017,31.9
10/03/2021,01031,33.0
10/03/2021,41039,61.1
10/03/2021,32013,35.3
10/03/2021,12083,50.1
10/03/2021,27167,28.3
10/03/2021,17063,43.6
10/03/2021,19191,55.3
10/03/2021,19073,51.7
10/03/2021,36003,37.4
10/03/2021,16035,36.1
10/03/2021,18133,38.2
10/03/2021,51101,46.1
10/03/2021,01057,29.8
10/03/2021,33013,62.0
10/03/2021,47047,47.2
10/03/2021,19183,50.8
10/03/2021,01053,30.8
10/03/2021,39125,37.6
10/03/2021,21219,35.2
10/03/2021,08023,53.6
10/03/2021,48135,0.0
10/03/2021,22115,42.4
10/03/2021,18131,40.5
10/03/2021,72117,65.4
10/03/2021,08125,36.6
10/03/2021,16069,44.3
10/03/2021,27153,36.0
10/03/2021,36105,51.7
10/03/2021,19133,48.9
10/03/2021,27133,46.0
10/03/2021,37121,42.1
10/03/2021,28143,42.1
10/03/2021,55139,53.4
10/03/2021,28041,32.2
10/03/2021,27035,49.4
10/03/2021,06033,51.0
10/03/2021,21047,29.1
10/03/2021,29199,23.1
10/03/2021,38097,44.5
10/03/2021,42115,41.7
10/03/2021,40013,32.5
10/03/2021,50003,37.4
10/03/2021,72031,68.7
10/03/2021,22125,80.1
10/03/2021,46041,56.9
10/03/2021,13103,21.0
10/03/2021,31149,31.8
10/03/2021,39055,54.6
10/03/2021,72043,62.2
10/03/2021,04011,36.6
10/03/2021,51167,41.5
10/03/2021,38005,44.2
10/03/2021,16025,35.3
10/03/2021,51077,37.0
10/03/2021,39109,41.4
10/03/2021,44003,69.2
10/03/2021,01133,19.1
10/03/2021,53021,41.2
10/03/2021,20145,47.1
10/03/2021,12131,40.7
10/03/2021,21029,43.2
10/03/2021,29023,29.6
10/03/2021,24041,66.4
10/03/2021,21221,41.2
10/03/2021,39123,55.0
10/03/2021,40117,42.7
10/03/2021,53049,48.9
10/03/2021,20161,33.4
10/03/2021,20017,39.6
10/03/2021,53015,50.5
10/03/2021,48015,0.0
10/03/2021,01009,26.4
10/03/2021,13225,12.9
10/03/2021,13139,28.1
10/03/2021,18117,49.7
10/03/2021,22061,36.9
10/03/2021,51079,44.5
10/03/2021,78010,0.0
10/03/2021,06037,59.9
10/03/2021,31019,34.7
10/03/2021,35023,43.0
10/03/2021,19027,55.6
10/03/2021,39103,56.2
10/03/2021,45039,47.1
10/03/2021,12067,34.6
10/03/2021,13251,33.8
10/03/2021,18055,36.2
10/03/2021,30077,40.0
10/03/2021,18049,36.2
10/03/2021,40107,40.6
10/03/2021,48139,0.0
10/03/2021,51775,46.5
10/03/2021,55029,70.0
10/03/2021,72001,64.9
10/03/2021,26011,44.9
10/03/2021,19031,53.6
10/03/2021,17047,33.9
10/03/2021,51650,52.2
10/03/2021,35027,39.7
10/03/2021,29051,47.3
10/03/2021,02170,31.7
10/03/2021,12033,45.9
10/03/2021,37145,47.9
10/03/2021,08083,53.0
10/03/2021,51083,39.5
10/03/2021,55043,49.1
10/03/2021,55013,50.5
10/03/2021,29177,34.6
10/03/2021,31115,25.3
10/03/2021,42011,53.6
10/03/2021,13125,12.9
10/03/2021,48109,0.0
10/03/2021,06059,61.5
10/03/2021,17125,43.1
10/03/2021,12027,38.7
10/03/2021,46059,35.2
10/03/2021,22007,37.2
10/03/2021,40081,34.3
10/03/2021,51049,34.1
10/03/2021,42021,49.5
10/03/2021,20031,45.7
10/03/2021,18095,46.6
10/03/2021,39015,35.2
10/03/2021,21121,31.2
10/03/2021,36061,71.7
10/03/2021,31137,33.6
10/03/2021,27061,48.4
10/03/2021,40111,37.0
10/03/2021,49013,33.9
10/03/2021,48021,0.0
10/03/2021,29225,38.2
10/03/2021,08021,41.5
10/03/2021,30069,27.7
10/03/2021,19175,45.6
10/03/2021,21007,31.9
10/03/2021,13039,40.7
10/03/2021,55021,59.0
10/03/2021,36095,50.4
10/03/2021,31081,39.9
10/03/2021,39091,36.9
10/03/2021,20019,36.3
10/03/2021,18125,51.8
10/03/2021,48319,0.0
10/03/2021,54017,4.2
10/03/2021,72143,56.8
10/03/2021,38067,47.0
10/03/2021,18031,43.0
10/03/2021,55135,47.3
10/03/2021,42117,38.7
10/03/2021,39069,47.8
10/03/2021,28121,45.2
10/03/2021,47103,36.1
10/03/2021,37081,51.6
10/03/2021,48125,0.0
10/03/2021,24510,55.0
10/03/2021,46007,44.1
10/03/2021,20129,34.2
10/03/2021,35006,56.4
10/03/2021,41055,50.2
10/03/2021,13085,11.5
10/03/2021,40039,41.7
10/03/2021,34007,57.8
10/03/2021,01001,34.0
10/03/2021,18151,43.0
10/03/2021,53043,45.8
10/03/2021,29201,38.5
10/03/2021,48443,0.0
10/03/2021,17167,54.7
10/03/2021,05071,41.9
10/03/2021,72045,58.9
10/03/2021,08105,53.8
10/03/2021,44001,68.9
10/03/2021,37015,40.1
10/03/2021,51840,41.0
10/03/2021,48375,0.0
10/03/2021,12075,40.7
10/03/2021,42075,48.9
10/03/2021,48147,0.0
10/03/2021,48207,0.0
10/03/2021,37105,47.3
10/03/2021,17017,49.6
10/03/2021,12069,58.2
10/03/2021,72007,63.9
10/03/2021,26089,73.4
10/03/2021,18175,36.2
10/03/2021,48223,0.0
10/03/2021,29213,35.8
10/03/2021,08009,35.2
10/03/2021,31079,40.5
10/03/2021,48305,0.0
10/03/2021,16073,26.1
10/03/2021,72121,73.0
10/03/2021,26065,49.8
10/03/2021,40001,27.9
10/03/2021,19135,41.1
10/03/2021,19115,46.0
10/03/2021,72083,75.5
10/03/2021,72129,65.6
10/03/2021,48249,0.0
10/03/2021,20063,43.2
10/03/2021,48387,0.0
10/03/2021,45089,49.3
10/03/2021,36091,70.0
10/03/2021,18139,42.1
10/03/2021,21005,55.1
10/03/2021,27141,37.8
10/03/2021,17155,47.3
10/03/2021,53041,43.3
10/03/2021,49009,50.4
10/03/2021,18127,51.0
10/03/2021,13245,31.8
10/03/2021,16033,31.8
10/03/2021,13099,18.5
10/03/2021,34015,53.3
10/03/2021,49029,41.5
10/03/2021,51071,40.6
10/03/2021,18035,43.2
10/03/2021,55067,47.8
10/03/2021,37125,49.7
10/03/2021,30053,30.4
10/03/2021,28127,38.6
10/03/2021,47067,27.9
10/03/2021,49055,45.0
10/03/2021,42081,47.2
10/03/2021,26063,47.6
10/03/2021,21019,39.1
10/03/2021,54077,32.0
10/03/2021,39059,39.0
10/03/2021,13087,36.6
10/03/2021,05087,37.2
10/03/2021,54061,15.6
10/03/2021,55035,54.8
10/03/2021,12087,67.5
10/03/2021,21069,44.3
10/03/2021,27055,38.0
10/03/2021,19167,37.1
10/03/2021,06057,55.0
10/03/2021,30099,35.0
10/03/2021,51195,39.9
10/03/2021,35017,54.1
10/03/2021,47039,32.7
10/03/2021,40151,35.5
10/03/2021,48477,0.0
10/03/2021,21091,52.9
10/03/2021,48463,0.0
10/03/2021,28083,53.4
10/03/2021,30031,50.8
10/03/2021,53001,47.5
10/03/2021,29141,33.6
10/03/2021,29099,38.1
10/03/2021,05049,28.2
10/03/2021,02261,50.9
10/03/2021,19195,46.3
10/03/2021,05085,41.6
10/03/2021,13093,16.2
10/03/2021,72153,72.1
10/03/2021,48307,0.0
10/03/2021,54015,23.4
10/03/2021,42111,43.0
10/03/2021,48167,0.0
10/03/2021,48273,0.0
10/03/2021,18101,43.1
10/03/2021,08085,41.1
10/03/2021,19019,48.1
10/03/2021,27049,57.4
10/03/2021,50019,50.6
10/03/2021,47153,28.4
10/03/2021,05145,39.4
10/03/2021,18113,34.7
10/03/2021,48449,0.0
10/03/2021,39139,38.0
10/03/2021,72047,67.1
10/03/2021,47119,54.7
10/03/2021,48029,0.0
10/03/2021,45059,33.1
10/03/2021,19117,40.6
10/03/2021,48427,0.0
10/03/2021,47131,33.2
10/03/2021,37027,40.4
10/03/2021,13089,30.4
10/03/2021,48163,0.0
10/03/2021,48153,0.0
10/03/2021,48429,0.0
10/03/2021,06055,66.5
10/03/2021,21021,54.1
10/03/2021,29121,35.9
10/03/2021,53063,51.6
10/03/2021,27095,49.6
10/03/2021,39155,48.2
10/03/2021,45075,47.1
10/03/2021,27047,49.3
10/03/2021,29111,30.5
10/03/2021,31059,46.6
10/03/2021,30037,39.0
10/03/2021,29097,41.9
10/03/2021,37195,43.7
10/03/2021,55078,66.6
10/03/2021,30071,37.3
10/03/2021,47127,19.1
10/03/2021,55073,52.5
10/03/2021,31091,37.7
10/03/2021,20189,29.7
10/03/2021,02070,42.5
10/03/2021,38099,48.4
10/03/2021,17187,42.4
10/03/2021,41069,51.1
10/03/2021,45067,41.5
10/03/2021,48475,0.0
10/03/2021,46085,52.5
10/03/2021,13179,38.6
10/03/2021,13007,32.3
10/03/2021,40129,31.6
10/03/2021,41025,39.3
10/03/2021,48467,0.0
10/03/2021,53061,59.6
10/03/2021,51199,50.8
10/03/2021,29065,27.0
10/03/2021,08119,48.1
10/03/2021,48133,0.0
10/03/2021,53069,44.5
10/03/2021,13207,10.8
10/03/2021,48097,0.0
10/03/2021,36067,65.1
10/03/2021,51087,51.2
10/03/2021,48035,0.0
10/03/2021,51183,33.1
10/03/2021,55039,48.4
10/03/2021,34013,59.2
10/03/2021,13045,21.1
10/03/2021,26155,44.1
10/03/2021,12095,59.0
10/03/2021,01087,40.0
10/03/2021,31099,41.5
10/03/2021,02130,56.7
10/03/2021,02275,51.9
10/03/2021,72005,69.1
10/03/2021,02110,64.6
10/03/2021,26147,43.8
10/03/2021,28119,43.0
10/03/2021,35025,27.5
10/03/2021,41023,40.6
10/03/2021,18081,52.0
10/03/2021,02122,40.4
10/03/2021,48013,0.0
10/03/2021,21175,42.6
10/03/2021,13011,12.9
10/03/2021,29013,34.1
10/03/2021,16079,36.6
10/03/2021,22013,40.7
10/03/2021,42129,52.5
10/03/2021,13109,20.0
10/03/2021,47063,36.4
10/03/2021,18011,62.8
10/03/2021,05147,50.7
10/03/2021,29209,34.2
10/03/2021,49005,45.2
10/03/2021,36057,58.3
10/03/2021,01073,49.1
10/03/2021,13095,21.8
10/03/2021,13113,32.9
10/03/2021,18167,44.6
10/03/2021,22009,39.0
10/03/2021,51127,47.0
10/03/2021,20207,37.3
10/03/2021,23031,69.8
10/03/2021,22119,37.0
10/03/2021,05109,36.9
10/03/2021,29005,50.0
10/03/2021,21009,40.1
10/03/2021,17123,46.3
10/03/2021,12085,56.5
10/03/2021,05033,39.7
10/03/2021,31161,28.0
10/03/2021,45013,55.8
10/03/2021,23001,59.7
10/03/2021,13115,16.0
10/03/2021,28037,41.3
10/03/2021,51023,45.6
10/03/2021,01117,30.9
10/03/2021,29009,38.8
10/03/2021,23005,76.0
10/03/2021,18085,36.5
10/03/2021,33009,66.9
10/03/2021,27071,51.9
10/03/2021,16005,40.5
10/03/2021,51057,44.1
10/03/2021,20111,49.7
10/03/2021,19039,48.1
10/03/2021,27021,44.6
10/03/2021,35051,46.9
10/03/2021,21049,51.2
10/03/2021,41071,55.0
10/03/2021,13145,19.4
10/03/2021,55019,32.6
10/03/2021,12111,50.1
10/03/2021,24029,61.0
10/03/2021,48353,0.0
10/03/2021,37097,43.2
10/03/2021,08099,35.9
10/03/2021,20101,37.3
10/03/2021,29169,54.0
10/03/2021,48485,0.0
10/03/2021,29041,33.2
10/03/2021,20109,41.4
10/03/2021,20071,45.5
10/03/2021,29125,33.8
10/03/2021,48245,0.0
10/03/2021,27099,53.3
10/03/2021,40083,29.1
10/03/2021,72059,69.9
10/03/2021,30001,47.9
10/03/2021,26059,33.3
10/03/2021,22065,36.3
10/03/2021,12005,43.0
10/03/2021,29037,43.9
10/03/2021,39011,34.8
10/03/2021,39167,46.8
10/03/2021,21031,40.8
10/03/2021,16019,40.1
10/03/2021,37029,36.7
10/03/2021,51640,36.8
10/03/2021,49019,57.2
10/03/2021,13063,19.0
10/03/2021,20045,53.6
10/03/2021,51009,41.9
10/03/2021,51620,36.6
10/03/2021,53077,51.1
10/03/2021,21105,32.1
10/03/2021,39147,42.8
10/03/2021,20115,42.1
10/03/2021,17039,43.7
10/03/2021,29215,28.9
10/03/2021,51099,42.7
10/03/2021,36045,60.3
10/03/2021,08073,30.9
10/03/2021,72055,61.5
10/03/2021,16029,31.4
10/03/2021,46017,49.3
10/03/2021,13259,17.8
10/03/2021,20157,45.7
10/03/2021,47171,46.8
10/03/2021,48175,0.0
10/03/2021,35039,65.0
10/03/2021,36047,56.3
10/03/2021,42079,55.7
10/03/2021,48373,0.0
10/03/2021,24021,66.0
10/03/2021,48493,0.0
10/03/2021,18025,33.2
10/03/2021,08095,44.0
10/03/2021,18111,27.9
10/03/2021,18065,46.6
10/03/2021,47049,28.3
10/03/2021,18173,56.5
10/03/2021,37127,48.9
10/03/2021,26025,43.7
10/03/2021,46075,52.2
10/03/2021,21155,48.0
10/03/2021,48419,0.0
10/03/2021,29186,40.1
10/03/2021,72021,76.9
10/03/2021,08081,36.4
10/03/2021,27135,45.2
10/03/2021,04021,44.6
10/03/2021,22089,47.9
10/03/2021,09001,70.6
10/03/2021,32021,49.1
10/03/2021,42043,56.5
10/03/2021,21043,40.0
10/03/2021,37169,33.4
10/03/2021,48295,0.0
10/03/2021,01065,52.5
10/03/2021,06067,56.4
10/03/2021,28123,42.6
10/03/2021,08093,42.4
10/03/2021,54073,13.3
10/03/2021,13187,9.7
10/03/2021,34011,42.2
10/03/2021,48507,0.0
10/03/2021,29227,35.8
10/03/2021,51137,40.5
10/03/2021,51153,61.3
10/03/2021,01075,37.6
10/03/2021,28149,49.7
10/03/2021,37143,23.2
10/03/2021,19037,48.6
10/03/2021,21095,38.7
10/03/2021,42039,44.3
10/03/2021,36079,63.9
10/03/2021,31185,46.3
10/03/2021,17119,48.5
10/03/2021,22075,52.0
10/03/2021,26109,62.7
10/03/2021,48347,0.0
10/03/2021,72093,59.7
10/03/2021,22059,35.9
10/03/2021,35001,53.9
10/03/2021,37175,48.1
10/03/2021,17035,30.4
10/03/2021,55089,63.4
10/03/2021,25027,59.8
10/03/2021,72105,69.3
10/03/2021,13165,20.2
10/03/2021,48275,0.0
10/03/2021,48151,0.0
10/03/2021,46111,38.7
10/03/2021,26015,41.6
10/03/2021,51163,43.8
10/03/2021,19125,46.8
10/03/2021,05123,42.8
10/03/2021,45029,40.9
10/03/2021,20191,37.1
10/03/2021,48209,0.0
10/03/2021,21227,41.7
10/03/2021,40019,37.1
10/03/2021,55023,51.2
10/03/2021,12113,42.8
10/03/2021,13005,11.8
10/03/2021,35043,60.2
10/03/2021,16065,40.7
10/03/2021,13019,17.5
10/03/2021,30103,40.7
10/03/2021,37193,38.9
10/03/2021,36025,50.8
10/03/2021,26001,50.9
10/03/2021,20117,55.8
10/03/2021,42123,42.8
10/03/2021,20015,40.5
10/03/2021,31085,20.8
10/03/2021,47093,51.9
10/03/2021,55129,56.9
10/03/2021,51145,38.5
10/03/2021,22033,48.6
10/03/2021,21037,65.8
10/03/2021,19079,55.6
10/03/2021,47185,36.7
10/03/2021,29103,36.3
10/03/2021,36107,53.0
10/03/2021,40007,26.0
10/03/2021,51550,40.7
10/03/2021,51131,63.5
10/03/2021,26135,37.5
10/03/2021,38083,32.9
10/03/2021,01063,41.4
10/03/2021,48359,0.0
10/03/2021,28085,33.4
10/03/2021,38023,36.0
10/03/2021,06109,51.3
10/03/2021,34039,59.8
10/03/2021,13071,19.3
10/03/2021,51037,36.5
10/03/2021,26133,35.4
10/03/2021,37153,40.3
10/03/2021,48183,0.0
10/03/2021,39061,54.3
10/03/2021,29039,28.5
10/03/2021,47029,43.7
10/03/2021,27065,35.7
10/03/2021,37035,46.8
10/03/2021,17113,51.4
10/03/2021,08109,30.9
10/03/2021,19179,43.2
10/03/2021,12049,35.6
10/03/2021,55009,56.0
10/03/2021,48031,0.0
10/03/2021,12017,50.7
10/03/2021,20131,47.6
10/03/2021,42099,45.1
10/03/2021,01103,37.3
10/03/2021,28071,48.6
10/03/2021,06009,52.0
10/03/2021,26029,57.6
10/03/2021,06017,54.9
10/03/2021,47015,26.7
10/03/2021,48303,0.0
10/03/2021,20093,44.6
10/03/2021,17021,39.2
10/03/2021,29109,33.5
10/03/2021,21129,42.7
10/03/2021,28063,59.2
10/03/2021,72089,59.6
10/03/2021,29089,38.5
10/03/2021,26091,45.9
10/03/2021,26055,59.7
10/03/2021,50023,40.3
10/03/2021,18163,52.0
10/03/2021,01095,38.5
10/03/2021,32029,18.2
10/03/2021,36055,63.3
10/03/2021,13163,29.7
10/03/2021,37085,32.8
10/03/2021,51017,40.8
10/03/2021,01101,43.9
10/03/2021,06071,47.4
10/03/2021,16075,26.1
10/03/2021,40141,40.6
10/03/2021,05081,26.3
10/03/2021,28051,50.2
10/03/2021,19025,53.1
10/03/2021,42089,53.3
10/03/2021,51013,66.8
10/03/2021,37197,42.4
10/03/2021,29077,43.5
10/03/2021,45031,41.7
10/03/2021,37063,59.4
10/03/2021,37157,42.1
10/03/2021,36021,65.7
10/03/2021,72099,68.0
10/03/2021,21237,46.0
10/03/2021,42119,53.1
10/03/2021,10003,57.9
10/03/2021,42083,34.4
10/03/2021,16083,38.0
10/03/2021,41047,54.6
10/03/2021,48079,0.0
10/03/2021,72025,69.2
10/03/2021,54059,23.5
10/03/2021,11001,57.4
10/03/2021,28049,49.7
10/03/2021,37199,44.3
10/03/2021,48437,0.0
10/03/2021,72063,57.0
10/03/2021,08017,27.9
10/03/2021,08057,39.4
10/03/2021,37041,43.6
10/03/2021,28135,35.8
10/03/2021,39071,32.5
10/03/2021,26083,49.9
10/03/2021,51610,54.0
10/03/2021,21199,42.3
10/03/2021,13067,37.5
10/03/2021,48327,0.0
10/03/2021,21203,32.6
10/03/2021,28001,45.6
10/03/2021,55127,47.2
10/03/2021,37057,40.0
10/03/2021,12089,51.0
10/03/2021,72101,61.0
10/03/2021,38049,36.0
10/03/2021,35028,67.4
10/03/2021,48343,0.0
10/03/2021,05083,40.6
10/03/2021,48085,0.0
10/03/2021,34037,55.2
10/03/2021,08071,53.5
10/03/2021,20077,41.2
10/03/2021,13047,16.3
10/03/2021,46011,38.7
10/03/2021,08039,31.9
10/03/2021,49031,31.8
10/03/2021,22039,32.8
10/03/2021,05011,49.8
10/03/2021,42037,55.7
10/03/2021,12015,58.1
10/03/2021,31093,38.1
10/03/2021,21201,34.1
10/03/2021,28093,44.2
10/03/2021,47011,34.9
10/03/2021,17045,37.8
10/03/2021,30063,57.3
10/03/2021,21151,44.9
10/03/2021,01079,40.6
10/03/2021,51735,43.4
10/03/2021,18003,46.9
